#CALIBRATION,STARTS,20200702,113946952,21487,,,,,,,,,,,,
#CALIBRATION,ENDS,20200702,113955461,29995,successful,,,,,,,,,,,
#EXPERIMENT,START,20200702,113956851,31386,7/2/2020 11:39:56 AM,,,,,,,,,,,
#VIDEO,STARTS,20200702,113956932,31466,G10PandaBaseChengdu,360Video,ERP,6144x3072,10s,29.97fps,QP22,22218k,8bit,H265,,
#VIDEO,ENDS,20200702,114006961,41495,,,,,,,,,,,,
#RATING,STARTS,20200702,114007196,41730,,,,,,,,,,,,
#RATING,ENDS,20200702,114008322,42856,4,1.1238632,G10PandaBaseChengdu,360Video,ERP,6144x3072,10s,29.97fps,QP22,22218k,8bit,H265
#VIDEO,STARTS,20200702,114008324,42858,G9BloomingAppleOrchards,360Video,ERP,4096x2048,10s,29.97fps,QP37,1437k,8bit,H265,,
#VIDEO,ENDS,20200702,114018354,52889,,,,,,,,,,,,
#RATING,STARTS,20200702,114018467,53001,,,,,,,,,,,,
#RATING,ENDS,20200702,114020250,54784,3,1.7830088,G9BloomingAppleOrchards,360Video,ERP,4096x2048,10s,29.97fps,QP37,1437k,8bit,H265
#VIDEO,STARTS,20200702,114021515,56050,G9BloomingAppleOrchards,360Video,ERP,7680x3840,10s,29.97fps,crf10,166036k,8bit,H265,,
#VIDEO,ENDS,20200702,114031533,66068,,,,,,,,,,,,
#RATING,STARTS,20200702,114031905,66440,,,,,,,,,,,,
#RATING,ENDS,20200702,114033430,67964,4,1.5238665,G9BloomingAppleOrchards,360Video,ERP,7680x3840,10s,29.97fps,crf10,166036k,8bit,H265
#VIDEO,STARTS,20200702,114033431,67965,G9BloomingAppleOrchards,360Video,ERP,4096x2048,10s,29.97fps,QP22,10304k,8bit,H265,,
#VIDEO,ENDS,20200702,114043463,77998,,,,,,,,,,,,
#RATING,STARTS,20200702,114043571,78105,,,,,,,,,,,,
#RATING,ENDS,20200702,114044767,79301,5,1.1958882,G9BloomingAppleOrchards,360Video,ERP,4096x2048,10s,29.97fps,QP22,10304k,8bit,H265
#VIDEO,STARTS,20200702,114044769,79303,G9BloomingAppleOrchards,360Video,ERP,2048x1024,10s,29.97fps,QP37,408k,8bit,H265,,
#VIDEO,ENDS,20200702,114054788,89323,,,,,,,,,,,,
#RATING,STARTS,20200702,114054818,89353,,,,,,,,,,,,
#RATING,ENDS,20200702,114055668,90202,2,0.850194,G9BloomingAppleOrchards,360Video,ERP,2048x1024,10s,29.97fps,QP37,408k,8bit,H265
#VIDEO,STARTS,20200702,114055670,90204,G9BloomingAppleOrchards,360Video,ERP,3600x1800,10s,29.97fps,QP37,1169k,8bit,H265,,
#VIDEO,ENDS,20200702,114105713,100247,,,,,,,,,,,,
#RATING,STARTS,20200702,114105799,100333,,,,,,,,,,,,
#RATING,ENDS,20200702,114106761,101295,3,0.9612488,G9BloomingAppleOrchards,360Video,ERP,3600x1800,10s,29.97fps,QP37,1169k,8bit,H265
#VIDEO,STARTS,20200702,114106763,101297,G9BloomingAppleOrchards,360Video,ERP,2048x1024,10s,29.97fps,QP27,1270k,8bit,H265,,
#VIDEO,ENDS,20200702,114116771,111306,,,,,,,,,,,,
#RATING,STARTS,20200702,114116800,111335,,,,,,,,,,,,
#RATING,ENDS,20200702,114117673,112207,3,0.8732172,G9BloomingAppleOrchards,360Video,ERP,2048x1024,10s,29.97fps,QP27,1270k,8bit,H265
#VIDEO,STARTS,20200702,114118593,113128,G10PandaBaseChengdu,360Video,ERP,7680x3840,10s,29.97fps,QP27,12449k,8bit,H265,,
#VIDEO,ENDS,20200702,114128612,123146,,,,,,,,,,,,
#RATING,STARTS,20200702,114128979,123513,,,,,,,,,,,,
#RATING,ENDS,20200702,114130955,125489,5,1.9757019,G10PandaBaseChengdu,360Video,ERP,7680x3840,10s,29.97fps,QP27,12449k,8bit,H265
#VIDEO,STARTS,20200702,114130956,125490,G9BloomingAppleOrchards,360Video,ERP,7680x3840,10s,29.97fps,QP42,1964k,8bit,H265,,
#VIDEO,ENDS,20200702,114140965,135500,,,,,,,,,,,,
#RATING,STARTS,20200702,114141322,135857,,,,,,,,,,,,
#RATING,ENDS,20200702,114142259,136793,3,0.9353154,G9BloomingAppleOrchards,360Video,ERP,7680x3840,10s,29.97fps,QP42,1964k,8bit,H265
#VIDEO,STARTS,20200702,114142260,136794,G9BloomingAppleOrchards,360Video,ERP,2048x1024,10s,29.97fps,QP22,2209k,8bit,H265,,
#VIDEO,ENDS,20200702,114152282,146816,,,,,,,,,,,,
#RATING,STARTS,20200702,114152315,146849,,,,,,,,,,,,
#RATING,ENDS,20200702,114153060,147594,3,0.7431499,G9BloomingAppleOrchards,360Video,ERP,2048x1024,10s,29.97fps,QP22,2209k,8bit,H265
#VIDEO,STARTS,20200702,114153061,147595,G10PandaBaseChengdu,360Video,ERP,3600x1800,10s,29.97fps,QP37,650k,8bit,H265,,
#VIDEO,ENDS,20200702,114203092,157626,,,,,,,,,,,,
#RATING,STARTS,20200702,114203186,157720,,,,,,,,,,,,
#RATING,ENDS,20200702,114204487,159022,3,1.3005572,G10PandaBaseChengdu,360Video,ERP,3600x1800,10s,29.97fps,QP37,650k,8bit,H265
#VIDEO,STARTS,20200702,114204488,159023,G9BloomingAppleOrchards,360Video,ERP,6144x3072,10s,29.97fps,QP32,4971k,8bit,H265,,
#VIDEO,ENDS,20200702,114214508,169043,,,,,,,,,,,,
#RATING,STARTS,20200702,114214756,169290,,,,,,,,,,,,
#RATING,ENDS,20200702,114216248,170782,5,1.490958,G9BloomingAppleOrchards,360Video,ERP,6144x3072,10s,29.97fps,QP32,4971k,8bit,H265
#VIDEO,STARTS,20200702,114216249,170783,G10PandaBaseChengdu,360Video,ERP,2048x1024,10s,29.97fps,QP27,1081k,8bit,H265,,
#VIDEO,ENDS,20200702,114226259,180793,,,,,,,,,,,,
#RATING,STARTS,20200702,114226288,180822,,,,,,,,,,,,
#RATING,ENDS,20200702,114227730,182264,3,1.4417951,G10PandaBaseChengdu,360Video,ERP,2048x1024,10s,29.97fps,QP27,1081k,8bit,H265
#VIDEO,STARTS,20200702,114227733,182267,G9BloomingAppleOrchards,360Video,ERP,4096x2048,10s,29.97fps,QP42,732k,8bit,H265,,
#VIDEO,ENDS,20200702,114237753,192287,,,,,,,,,,,,
#RATING,STARTS,20200702,114237873,192408,,,,,,,,,,,,
#RATING,ENDS,20200702,114238802,193336,2,0.9275125,G9BloomingAppleOrchards,360Video,ERP,4096x2048,10s,29.97fps,QP42,732k,8bit,H265
#VIDEO,STARTS,20200702,114239039,193574,G10PandaBaseChengdu,360Video,ERP,6144x3072,10s,29.97fps,QP37,1481k,8bit,H265,,
#VIDEO,ENDS,20200702,114249068,203602,,,,,,,,,,,,
#RATING,STARTS,20200702,114249321,203856,,,,,,,,,,,,
#RATING,ENDS,20200702,114250697,205231,4,1.3764239,G10PandaBaseChengdu,360Video,ERP,6144x3072,10s,29.97fps,QP37,1481k,8bit,H265
#VIDEO,STARTS,20200702,114251135,205669,G10PandaBaseChengdu,360Video,ERP,7680x3840,10s,29.97fps,QP32,4958k,8bit,H265,,
#VIDEO,ENDS,20200702,114301164,215698,,,,,,,,,,,,
#RATING,STARTS,20200702,114301527,216061,,,,,,,,,,,,
#RATING,ENDS,20200702,114302469,217003,5,0.9421546,G10PandaBaseChengdu,360Video,ERP,7680x3840,10s,29.97fps,QP32,4958k,8bit,H265
#VIDEO,STARTS,20200702,114303569,218104,G10PandaBaseChengdu,360Video,ERP,6144x3072,10s,29.97fps,crf10,130031k,8bit,H265,,
#VIDEO,ENDS,20200702,114313574,228108,,,,,,,,,,,,
#RATING,STARTS,20200702,114313814,228349,,,,,,,,,,,,
#RATING,ENDS,20200702,114314912,229447,5,1.0968761,G10PandaBaseChengdu,360Video,ERP,6144x3072,10s,29.97fps,crf10,130031k,8bit,H265
#VIDEO,STARTS,20200702,114314913,229448,G10PandaBaseChengdu,360Video,ERP,4096x2048,10s,29.97fps,QP27,3988k,8bit,H265,,
#VIDEO,ENDS,20200702,114324922,239456,,,,,,,,,,,,
#RATING,STARTS,20200702,114325026,239560,,,,,,,,,,,,
#RATING,ENDS,20200702,114326484,241018,4,1.4572004,G10PandaBaseChengdu,360Video,ERP,4096x2048,10s,29.97fps,QP27,3988k,8bit,H265
#VIDEO,STARTS,20200702,114326485,241019,G10PandaBaseChengdu,360Video,ERP,6144x3072,10s,29.97fps,QP27,8439k,8bit,H265,,
#VIDEO,ENDS,20200702,114336507,251042,,,,,,,,,,,,
#RATING,STARTS,20200702,114336750,251284,,,,,,,,,,,,
#RATING,ENDS,20200702,114339319,253853,5,2.5682656,G10PandaBaseChengdu,360Video,ERP,6144x3072,10s,29.97fps,QP27,8439k,8bit,H265
#VIDEO,STARTS,20200702,114339320,253854,G10PandaBaseChengdu,360Video,ERP,3600x1800,10s,29.97fps,crf10,57958k,8bit,H265,,
#VIDEO,ENDS,20200702,114349340,263875,,,,,,,,,,,,
#RATING,STARTS,20200702,114349436,263970,,,,,,,,,,,,
#RATING,ENDS,20200702,114350310,264844,5,0.8727661,G10PandaBaseChengdu,360Video,ERP,3600x1800,10s,29.97fps,crf10,57958k,8bit,H265
#VIDEO,STARTS,20200702,114350311,264845,G9BloomingAppleOrchards,360Video,ERP,3600x1800,10s,29.97fps,QP32,2118k,8bit,H265,,
#VIDEO,ENDS,20200702,114400344,274878,,,,,,,,,,,,
#RATING,STARTS,20200702,114400431,274965,,,,,,,,,,,,
#RATING,ENDS,20200702,114402162,276696,4,1.7288324,G9BloomingAppleOrchards,360Video,ERP,3600x1800,10s,29.97fps,QP32,2118k,8bit,H265
#VIDEO,STARTS,20200702,114402459,276993,G10PandaBaseChengdu,360Video,ERP,7680x3840,10s,29.97fps,QP22,27192k,8bit,H265,,
#VIDEO,ENDS,20200702,114412473,287008,,,,,,,,,,,,
#RATING,STARTS,20200702,114412831,287365,,,,,,,,,,,,
#RATING,ENDS,20200702,114413943,288477,4,1.1124804,G10PandaBaseChengdu,360Video,ERP,7680x3840,10s,29.97fps,QP22,27192k,8bit,H265
#VIDEO,STARTS,20200702,114414249,288783,G9BloomingAppleOrchards,360Video,ERP,6144x3072,10s,29.97fps,QP22,25602k,8bit,H265,,
#VIDEO,ENDS,20200702,114424280,298814,,,,,,,,,,,,
#RATING,STARTS,20200702,114424527,299061,,,,,,,,,,,,
#RATING,ENDS,20200702,114425540,300074,4,1.0126996,G9BloomingAppleOrchards,360Video,ERP,6144x3072,10s,29.97fps,QP22,25602k,8bit,H265
#VIDEO,STARTS,20200702,114426616,301150,G9BloomingAppleOrchards,360Video,ERP,7680x3840,10s,29.97fps,QP27,19085k,8bit,H265,,
#VIDEO,ENDS,20200702,114436624,311158,,,,,,,,,,,,
#RATING,STARTS,20200702,114436995,311529,,,,,,,,,,,,
#RATING,ENDS,20200702,114437873,312407,5,0.8788458,G9BloomingAppleOrchards,360Video,ERP,7680x3840,10s,29.97fps,QP27,19085k,8bit,H265
#VIDEO,STARTS,20200702,114438345,312879,G9BloomingAppleOrchards,360Video,ERP,6144x3072,10s,29.97fps,QP27,10684k,8bit,H265,,
#VIDEO,ENDS,20200702,114448362,322896,,,,,,,,,,,,
#RATING,STARTS,20200702,114448612,323147,,,,,,,,,,,,
#RATING,ENDS,20200702,114449611,324146,4,0.9981779,G9BloomingAppleOrchards,360Video,ERP,6144x3072,10s,29.97fps,QP27,10684k,8bit,H265
#VIDEO,STARTS,20200702,114450273,324808,G10PandaBaseChengdu,360Video,ERP,7680x3840,10s,29.97fps,QP42,1084k,8bit,H265,,
#VIDEO,ENDS,20200702,114500291,334826,,,,,,,,,,,,
#RATING,STARTS,20200702,114500653,335187,,,,,,,,,,,,
#RATING,ENDS,20200702,114501864,336399,3,1.2104766,G10PandaBaseChengdu,360Video,ERP,7680x3840,10s,29.97fps,QP42,1084k,8bit,H265
#VIDEO,STARTS,20200702,114501865,336400,G10PandaBaseChengdu,360Video,ERP,2048x1024,10s,29.97fps,QP32,478k,8bit,H265,,
#VIDEO,ENDS,20200702,114511898,346432,,,,,,,,,,,,
#RATING,STARTS,20200702,114511932,346466,,,,,,,,,,,,
#RATING,ENDS,20200702,114513190,347724,2,1.2575393,G10PandaBaseChengdu,360Video,ERP,2048x1024,10s,29.97fps,QP32,478k,8bit,H265
#VIDEO,STARTS,20200702,114513191,347725,G10PandaBaseChengdu,360Video,ERP,4096x2048,10s,29.97fps,QP22,10859k,8bit,H265,,
#VIDEO,ENDS,20200702,114523212,357746,,,,,,,,,,,,
#RATING,STARTS,20200702,114523319,357853,,,,,,,,,,,,
#RATING,ENDS,20200702,114524304,358838,4,0.9841201,G10PandaBaseChengdu,360Video,ERP,4096x2048,10s,29.97fps,QP22,10859k,8bit,H265
#VIDEO,STARTS,20200702,114524305,358839,G10PandaBaseChengdu,360Video,ERP,3600x1800,10s,29.97fps,QP32,1289k,8bit,H265,,
#VIDEO,ENDS,20200702,114534337,368871,,,,,,,,,,,,
#RATING,STARTS,20200702,114534424,368958,,,,,,,,,,,,
#RATING,ENDS,20200702,114535184,369718,4,0.7593519,G10PandaBaseChengdu,360Video,ERP,3600x1800,10s,29.97fps,QP32,1289k,8bit,H265
#VIDEO,STARTS,20200702,114535185,369719,G10PandaBaseChengdu,360Video,ERP,2048x1024,10s,29.97fps,QP42,118k,8bit,H265,,
#VIDEO,ENDS,20200702,114545217,379751,,,,,,,,,,,,
#RATING,STARTS,20200702,114545247,379782,,,,,,,,,,,,
#RATING,ENDS,20200702,114546198,380732,1,0.9496784,G10PandaBaseChengdu,360Video,ERP,2048x1024,10s,29.97fps,QP42,118k,8bit,H265
#VIDEO,STARTS,20200702,114546625,381159,G9BloomingAppleOrchards,360Video,ERP,4096x2048,10s,29.97fps,crf10,73361k,8bit,H265,,
#VIDEO,ENDS,20200702,114556646,391180,,,,,,,,,,,,
#RATING,STARTS,20200702,114556757,391291,,,,,,,,,,,,
#RATING,ENDS,20200702,114558026,392560,5,1.2686954,G9BloomingAppleOrchards,360Video,ERP,4096x2048,10s,29.97fps,crf10,73361k,8bit,H265
#VIDEO,STARTS,20200702,114558027,392561,G9BloomingAppleOrchards,360Video,ERP,2048x1024,10s,29.97fps,QP32,739k,8bit,H265,,
#VIDEO,ENDS,20200702,114608048,402582,,,,,,,,,,,,
#RATING,STARTS,20200702,114608085,402619,,,,,,,,,,,,
#RATING,ENDS,20200702,114609017,403551,2,0.932775,G9BloomingAppleOrchards,360Video,ERP,2048x1024,10s,29.97fps,QP32,739k,8bit,H265
#VIDEO,STARTS,20200702,114609018,403552,G10PandaBaseChengdu,360Video,ERP,3600x1800,10s,29.97fps,QP22,8661k,8bit,H265,,
#VIDEO,ENDS,20200702,114619028,413563,,,,,,,,,,,,
#RATING,STARTS,20200702,114619120,413654,,,,,,,,,,,,
#RATING,ENDS,20200702,114620366,414900,4,1.2448025,G10PandaBaseChengdu,360Video,ERP,3600x1800,10s,29.97fps,QP22,8661k,8bit,H265
#VIDEO,STARTS,20200702,114620367,414901,G10PandaBaseChengdu,360Video,ERP,2048x1024,10s,29.97fps,QP22,2760k,8bit,H265,,
#VIDEO,ENDS,20200702,114630376,424910,,,,,,,,,,,,
#RATING,STARTS,20200702,114630405,424939,,,,,,,,,,,,
#RATING,ENDS,20200702,114631424,425959,4,1.0167637,G10PandaBaseChengdu,360Video,ERP,2048x1024,10s,29.97fps,QP22,2760k,8bit,H265
#VIDEO,STARTS,20200702,114631461,425996,G9BloomingAppleOrchards,360Video,ERP,6144x3072,10s,29.97fps,QP37,2635k,8bit,H265,,
#VIDEO,ENDS,20200702,114641468,436002,,,,,,,,,,,,
#RATING,STARTS,20200702,114641704,436238,,,,,,,,,,,,
#RATING,ENDS,20200702,114642571,437106,5,0.8671878,G9BloomingAppleOrchards,360Video,ERP,6144x3072,10s,29.97fps,QP37,2635k,8bit,H265
#VIDEO,STARTS,20200702,114642573,437108,G9BloomingAppleOrchards,360Video,ERP,2048x1024,10s,29.97fps,crf10,15842k,8bit,H265,,
#VIDEO,ENDS,20200702,114652605,447140,,,,,,,,,,,,
#RATING,STARTS,20200702,114652641,447176,,,,,,,,,,,,
#RATING,ENDS,20200702,114653897,448431,3,1.2553388,G9BloomingAppleOrchards,360Video,ERP,2048x1024,10s,29.97fps,crf10,15842k,8bit,H265
#VIDEO,STARTS,20200702,114653898,448432,G9BloomingAppleOrchards,360Video,ERP,2048x1024,10s,29.97fps,QP42,200k,8bit,H265,,
#VIDEO,ENDS,20200702,114703920,458454,,,,,,,,,,,,
#RATING,STARTS,20200702,114703943,458477,,,,,,,,,,,,
#RATING,ENDS,20200702,114704787,459321,1,0.8420756,G9BloomingAppleOrchards,360Video,ERP,2048x1024,10s,29.97fps,QP42,200k,8bit,H265
#VIDEO,STARTS,20200702,114704788,459322,G9BloomingAppleOrchards,360Video,ERP,3600x1800,10s,29.97fps,QP27,3858k,8bit,H265,,
#VIDEO,ENDS,20200702,114714811,469346,,,,,,,,,,,,
#RATING,STARTS,20200702,114714893,469428,,,,,,,,,,,,
#RATING,ENDS,20200702,114716907,471442,5,2.0130535,G9BloomingAppleOrchards,360Video,ERP,3600x1800,10s,29.97fps,QP27,3858k,8bit,H265
#VIDEO,STARTS,20200702,114716909,471444,G10PandaBaseChengdu,360Video,ERP,3600x1800,10s,29.97fps,QP42,335k,8bit,H265,,
#VIDEO,ENDS,20200702,114726941,481475,,,,,,,,,,,,
#RATING,STARTS,20200702,114727027,481562,,,,,,,,,,,,
#RATING,ENDS,20200702,114728480,483014,2,1.4525497,G10PandaBaseChengdu,360Video,ERP,3600x1800,10s,29.97fps,QP42,335k,8bit,H265
#VIDEO,STARTS,20200702,114728481,483015,G9BloomingAppleOrchards,360Video,ERP,6144x3072,10s,29.97fps,QP42,1404k,8bit,H265,,
#VIDEO,ENDS,20200702,114738512,493046,,,,,,,,,,,,
#RATING,STARTS,20200702,114738753,493287,,,,,,,,,,,,
#RATING,ENDS,20200702,114740666,495200,3,1.9121676,G9BloomingAppleOrchards,360Video,ERP,6144x3072,10s,29.97fps,QP42,1404k,8bit,H265
#VIDEO,STARTS,20200702,114740667,495201,G10PandaBaseChengdu,360Video,ERP,4096x2048,10s,29.97fps,QP37,782k,8bit,H265,,
#VIDEO,ENDS,20200702,114750699,505233,,,,,,,,,,,,
#RATING,STARTS,20200702,114750799,505333,,,,,,,,,,,,
#RATING,ENDS,20200702,114752025,506560,3,1.2256243,G10PandaBaseChengdu,360Video,ERP,4096x2048,10s,29.97fps,QP37,782k,8bit,H265
#VIDEO,STARTS,20200702,114752026,506561,G9BloomingAppleOrchards,360Video,ERP,3600x1800,10s,29.97fps,QP42,588k,8bit,H265,,
#VIDEO,ENDS,20200702,114802045,516580,,,,,,,,,,,,
#RATING,STARTS,20200702,114802150,516684,,,,,,,,,,,,
#RATING,ENDS,20200702,114803609,518144,2,1.4582133,G9BloomingAppleOrchards,360Video,ERP,3600x1800,10s,29.97fps,QP42,588k,8bit,H265
#VIDEO,STARTS,20200702,114803610,518145,G10PandaBaseChengdu,360Video,ERP,6144x3072,10s,29.97fps,QP32,3199k,8bit,H265,,
#VIDEO,ENDS,20200702,114813630,528165,,,,,,,,,,,,
#RATING,STARTS,20200702,114813871,528405,,,,,,,,,,,,
#RATING,ENDS,20200702,114815382,529917,4,1.5105775,G10PandaBaseChengdu,360Video,ERP,6144x3072,10s,29.97fps,QP32,3199k,8bit,H265
#VIDEO,STARTS,20200702,114815383,529918,G9BloomingAppleOrchards,360Video,ERP,3600x1800,10s,29.97fps,QP22,7695k,8bit,H265,,
#VIDEO,ENDS,20200702,114825403,539937,,,,,,,,,,,,
#RATING,STARTS,20200702,114825484,540018,,,,,,,,,,,,
#RATING,ENDS,20200702,114828071,542606,4,2.5873478,G9BloomingAppleOrchards,360Video,ERP,3600x1800,10s,29.97fps,QP22,7695k,8bit,H265
#VIDEO,STARTS,20200702,114828072,542607,G10PandaBaseChengdu,360Video,ERP,7680x3840,10s,29.97fps,QP37,2127k,8bit,H265,,
#VIDEO,ENDS,20200702,114838092,552626,,,,,,,,,,,,
#RATING,STARTS,20200702,114838456,552990,,,,,,,,,,,,
#RATING,ENDS,20200702,114839308,553842,4,0.850725,G10PandaBaseChengdu,360Video,ERP,7680x3840,10s,29.97fps,QP37,2127k,8bit,H265
#VIDEO,STARTS,20200702,114839309,553843,G9BloomingAppleOrchards,360Video,ERP,4096x2048,10s,29.97fps,QP32,2621k,8bit,H265,,
#VIDEO,ENDS,20200702,114849329,563863,,,,,,,,,,,,
#RATING,STARTS,20200702,114849445,563979,,,,,,,,,,,,
#RATING,ENDS,20200702,114850645,565179,4,1.199699,G9BloomingAppleOrchards,360Video,ERP,4096x2048,10s,29.97fps,QP32,2621k,8bit,H265
#VIDEO,STARTS,20200702,114850646,565180,G10PandaBaseChengdu,360Video,ERP,3600x1800,10s,29.97fps,QP27,3192k,8bit,H265,,
#VIDEO,ENDS,20200702,114900666,575200,,,,,,,,,,,,
#RATING,STARTS,20200702,114900742,575276,,,,,,,,,,,,
#RATING,ENDS,20200702,114901916,576451,4,1.1735582,G10PandaBaseChengdu,360Video,ERP,3600x1800,10s,29.97fps,QP27,3192k,8bit,H265
#VIDEO,STARTS,20200702,114901917,576452,G9BloomingAppleOrchards,360Video,ERP,3600x1800,10s,29.97fps,crf10,56318k,8bit,H265,,
#VIDEO,ENDS,20200702,114911937,586471,,,,,,,,,,,,
#RATING,STARTS,20200702,114912025,586559,,,,,,,,,,,,
#RATING,ENDS,20200702,114913019,587553,5,0.9933443,G9BloomingAppleOrchards,360Video,ERP,3600x1800,10s,29.97fps,crf10,56318k,8bit,H265
#VIDEO,STARTS,20200702,114913190,587724,G10PandaBaseChengdu,360Video,ERP,6144x3072,10s,29.97fps,QP42,764k,8bit,H265,,
#VIDEO,ENDS,20200702,114923196,597731,,,,,,,,,,,,
#RATING,STARTS,20200702,114923428,597962,,,,,,,,,,,,
#RATING,ENDS,20200702,114925595,600130,3,2.1657207,G10PandaBaseChengdu,360Video,ERP,6144x3072,10s,29.97fps,QP42,764k,8bit,H265
#VIDEO,STARTS,20200702,114925596,600131,G9BloomingAppleOrchards,360Video,ERP,7680x3840,10s,29.97fps,QP32,7728k,8bit,H265,,
#VIDEO,ENDS,20200702,114935617,610151,,,,,,,,,,,,
#RATING,STARTS,20200702,114935971,610506,,,,,,,,,,,,
#RATING,ENDS,20200702,114938229,612763,4,2.256881,G9BloomingAppleOrchards,360Video,ERP,7680x3840,10s,29.97fps,QP32,7728k,8bit,H265
#VIDEO,STARTS,20200702,114938231,612765,G10PandaBaseChengdu,360Video,ERP,4096x2048,10s,29.97fps,crf10,71459k,8bit,H265,,
#VIDEO,ENDS,20200702,114948263,622797,,,,,,,,,,,,
#RATING,STARTS,20200702,114948369,622904,,,,,,,,,,,,
#RATING,ENDS,20200702,114949601,624136,4,1.2308991,G10PandaBaseChengdu,360Video,ERP,4096x2048,10s,29.97fps,crf10,71459k,8bit,H265
#VIDEO,STARTS,20200702,114951255,625789,G10PandaBaseChengdu,360Video,ERP,7680x3840,10s,29.97fps,crf10,136685k,8bit,H265,,
#VIDEO,ENDS,20200702,115001273,635807,,,,,,,,,,,,
#RATING,STARTS,20200702,115001623,636157,,,,,,,,,,,,
#RATING,ENDS,20200702,115003618,638152,4,1.9942064,G10PandaBaseChengdu,360Video,ERP,7680x3840,10s,29.97fps,crf10,136685k,8bit,H265
#VIDEO,STARTS,20200702,115003619,638153,G9BloomingAppleOrchards,360Video,ERP,7680x3840,10s,29.97fps,QP37,3735k,8bit,H265,,
#VIDEO,ENDS,20200702,115013628,648162,,,,,,,,,,,,
#RATING,STARTS,20200702,115013989,648523,,,,,,,,,,,,
#RATING,ENDS,20200702,115014799,649333,5,0.8089689,G9BloomingAppleOrchards,360Video,ERP,7680x3840,10s,29.97fps,QP37,3735k,8bit,H265
#VIDEO,STARTS,20200702,115014800,649334,G9BloomingAppleOrchards,360Video,ERP,4096x2048,10s,29.97fps,QP27,4925k,8bit,H265,,
#VIDEO,ENDS,20200702,115024810,659344,,,,,,,,,,,,
#RATING,STARTS,20200702,115024920,659455,,,,,,,,,,,,
#RATING,ENDS,20200702,115026360,660895,3,1.4388466,G9BloomingAppleOrchards,360Video,ERP,4096x2048,10s,29.97fps,QP27,4925k,8bit,H265
#VIDEO,STARTS,20200702,115026361,660896,G10PandaBaseChengdu,360Video,ERP,4096x2048,10s,29.97fps,QP42,400k,8bit,H265,,
#VIDEO,ENDS,20200702,115036392,670926,,,,,,,,,,,,
#RATING,STARTS,20200702,115036499,671033,,,,,,,,,,,,
#RATING,ENDS,20200702,115037518,672052,2,1.0183791,G10PandaBaseChengdu,360Video,ERP,4096x2048,10s,29.97fps,QP42,400k,8bit,H265
#VIDEO,STARTS,20200702,115037520,672054,G10PandaBaseChengdu,360Video,ERP,2048x1024,10s,29.97fps,QP37,242k,8bit,H265,,
#VIDEO,ENDS,20200702,115047529,682063,,,,,,,,,,,,
#RATING,STARTS,20200702,115047556,682090,,,,,,,,,,,,
#RATING,ENDS,20200702,115048532,683066,2,0.9750898,G10PandaBaseChengdu,360Video,ERP,2048x1024,10s,29.97fps,QP37,242k,8bit,H265
#VIDEO,STARTS,20200702,115049932,684466,G9BloomingAppleOrchards,360Video,ERP,6144x3072,10s,29.97fps,crf10,151287k,8bit,H265,,
#VIDEO,ENDS,20200702,115059974,694509,,,,,,,,,,,,
#RATING,STARTS,20200702,115100213,694748,,,,,,,,,,,,
#RATING,ENDS,20200702,115102137,696672,5,1.9239182,G9BloomingAppleOrchards,360Video,ERP,6144x3072,10s,29.97fps,crf10,151287k,8bit,H265
#VIDEO,STARTS,20200702,115102138,696673,G10PandaBaseChengdu,360Video,ERP,2048x1024,10s,29.97fps,crf10,20296k,8bit,H265,,
#VIDEO,ENDS,20200702,115112149,706683,,,,,,,,,,,,
#RATING,STARTS,20200702,115112175,706709,,,,,,,,,,,,
#RATING,ENDS,20200702,115113721,708255,4,1.5456125,G10PandaBaseChengdu,360Video,ERP,2048x1024,10s,29.97fps,crf10,20296k,8bit,H265
#VIDEO,STARTS,20200702,115114472,709006,G9BloomingAppleOrchards,360Video,ERP,7680x3840,10s,29.97fps,QP22,43270k,8bit,H265,,
#VIDEO,ENDS,20200702,115124501,719035,,,,,,,,,,,,
#RATING,STARTS,20200702,115124859,719393,,,,,,,,,,,,
#RATING,ENDS,20200702,115125555,720089,5,0.6960971,G9BloomingAppleOrchards,360Video,ERP,7680x3840,10s,29.97fps,QP22,43270k,8bit,H265
#VIDEO,STARTS,20200702,115125556,720090,G10PandaBaseChengdu,360Video,ERP,4096x2048,10s,29.97fps,QP32,1587k,8bit,H265,,
#VIDEO,ENDS,20200702,115135583,730117,,,,,,,,,,,,
#RATING,STARTS,20200702,115135682,730217,,,,,,,,,,,,
#RATING,ENDS,20200702,115136875,731409,3,1.1917197,G10PandaBaseChengdu,360Video,ERP,4096x2048,10s,29.97fps,QP32,1587k,8bit,H265
#VIDEO,STARTS,20200702,115136876,731410,G2FormationPace,360Video,ERP,3600x1800,10s,29.97fps,QP27,5028k,8bit,H265,,
#VIDEO,ENDS,20200702,115146897,741431,,,,,,,,,,,,
#RATING,STARTS,20200702,115146981,741515,,,,,,,,,,,,
#RATING,ENDS,20200702,115147515,742050,4,0.5323206,G2FormationPace,360Video,ERP,3600x1800,10s,29.97fps,QP27,5028k,8bit,H265
#VIDEO,STARTS,20200702,115147517,742052,G2FormationPace,360Video,ERP,2048x1024,10s,29.97fps,QP27,1950k,8bit,H265,,
#VIDEO,ENDS,20200702,115157542,752077,,,,,,,,,,,,
#RATING,STARTS,20200702,115157570,752105,,,,,,,,,,,,
#RATING,ENDS,20200702,115158388,752923,4,0.8169021,G2FormationPace,360Video,ERP,2048x1024,10s,29.97fps,QP27,1950k,8bit,H265
#VIDEO,STARTS,20200702,115158389,752924,G2FormationPace,360Video,ERP,4096x2048,10s,29.97fps,QP37,1454k,8bit,H265,,
#VIDEO,ENDS,20200702,115208410,762944,,,,,,,,,,,,
#RATING,STARTS,20200702,115208511,763045,,,,,,,,,,,,
#RATING,ENDS,20200702,115209625,764159,3,1.1131963,G2FormationPace,360Video,ERP,4096x2048,10s,29.97fps,QP37,1454k,8bit,H265
#VIDEO,STARTS,20200702,115210288,764822,G2FormationPace,360Video,ERP,7680x3840,10s,29.97fps,QP32,7561k,8bit,H265,,
#VIDEO,ENDS,20200702,115220307,774841,,,,,,,,,,,,
#RATING,STARTS,20200702,115220679,775213,,,,,,,,,,,,
#RATING,ENDS,20200702,115221600,776134,4,0.9203886,G2FormationPace,360Video,ERP,7680x3840,10s,29.97fps,QP32,7561k,8bit,H265
#VIDEO,STARTS,20200702,115222339,776874,G2FormationPace,360Video,ERP,7680x3840,10s,29.97fps,QP37,3798k,8bit,H265,,
#VIDEO,ENDS,20200702,115232371,786905,,,,,,,,,,,,
#RATING,STARTS,20200702,115232728,787262,,,,,,,,,,,,
#RATING,ENDS,20200702,115233752,788286,3,1.0228574,G2FormationPace,360Video,ERP,7680x3840,10s,29.97fps,QP37,3798k,8bit,H265
#VIDEO,STARTS,20200702,115233754,788288,G4Alcatraz,360Video,ERP,3600x1800,10s,29.97fps,QP22,29210k,8bit,H265,,
#VIDEO,ENDS,20200702,115243774,798308,,,,,,,,,,,,
#RATING,STARTS,20200702,115243856,798390,,,,,,,,,,,,
#RATING,ENDS,20200702,115244867,799401,4,1.0108538,G4Alcatraz,360Video,ERP,3600x1800,10s,29.97fps,QP22,29210k,8bit,H265
#VIDEO,STARTS,20200702,115244868,799402,G2FormationPace,360Video,ERP,3600x1800,10s,29.97fps,crf10,40026k,8bit,H265,,
#VIDEO,ENDS,20200702,115254888,809422,,,,,,,,,,,,
#RATING,STARTS,20200702,115254974,809509,,,,,,,,,,,,
#RATING,ENDS,20200702,115257968,812503,5,2.9929028,G2FormationPace,360Video,ERP,3600x1800,10s,29.97fps,crf10,40026k,8bit,H265
#VIDEO,STARTS,20200702,115257969,812504,G2FormationPace,360Video,ERP,7680x3840,10s,29.97fps,QP22,30206k,8bit,H265,,
#VIDEO,ENDS,20200702,115307990,822525,,,,,,,,,,,,
#RATING,STARTS,20200702,115308357,822891,,,,,,,,,,,,
#RATING,ENDS,20200702,115309194,823728,4,0.8379185,G2FormationPace,360Video,ERP,7680x3840,10s,29.97fps,QP22,30206k,8bit,H265
#VIDEO,STARTS,20200702,115309556,824090,G2FormationPace,360Video,ERP,6144x3072,10s,29.97fps,QP27,10890k,8bit,H265,,
#VIDEO,ENDS,20200702,115319573,834108,,,,,,,,,,,,
#RATING,STARTS,20200702,115319809,834343,,,,,,,,,,,,
#RATING,ENDS,20200702,115322207,836742,5,2.3966151,G2FormationPace,360Video,ERP,6144x3072,10s,29.97fps,QP27,10890k,8bit,H265
#VIDEO,STARTS,20200702,115322208,836743,G4Alcatraz,360Video,ERP,7680x3840,10s,29.97fps,QP22,85273k,8bit,H265,,
#VIDEO,ENDS,20200702,115332228,846762,,,,,,,,,,,,
#RATING,STARTS,20200702,115332578,847113,,,,,,,,,,,,
#RATING,ENDS,20200702,115333182,847716,5,0.6028956,G4Alcatraz,360Video,ERP,7680x3840,10s,29.97fps,QP22,85273k,8bit,H265
#VIDEO,STARTS,20200702,115333571,848105,G2FormationPace,360Video,ERP,4096x2048,10s,29.97fps,crf10,48673k,8bit,H265,,
#VIDEO,ENDS,20200702,115343600,858134,,,,,,,,,,,,
#RATING,STARTS,20200702,115343704,858238,,,,,,,,,,,,
#RATING,ENDS,20200702,115345798,860332,4,2.0921782,G2FormationPace,360Video,ERP,4096x2048,10s,29.97fps,crf10,48673k,8bit,H265
#VIDEO,STARTS,20200702,115345799,860333,G4Alcatraz,360Video,ERP,7680x3840,10s,29.97fps,QP37,12663k,8bit,H265,,
#VIDEO,ENDS,20200702,115355819,870353,,,,,,,,,,,,
#RATING,STARTS,20200702,115356185,870719,,,,,,,,,,,,
#RATING,ENDS,20200702,115357192,871726,4,1.0053285,G4Alcatraz,360Video,ERP,7680x3840,10s,29.97fps,QP37,12663k,8bit,H265
#VIDEO,STARTS,20200702,115357308,871842,G2FormationPace,360Video,ERP,6144x3072,10s,29.97fps,QP42,1228k,8bit,H265,,
#VIDEO,ENDS,20200702,115407335,881869,,,,,,,,,,,,
#RATING,STARTS,20200702,115407575,882109,,,,,,,,,,,,
#RATING,ENDS,20200702,115408450,882984,2,0.8743795,G2FormationPace,360Video,ERP,6144x3072,10s,29.97fps,QP42,1228k,8bit,H265
#VIDEO,STARTS,20200702,115408452,882986,G2FormationPace,360Video,ERP,4096x2048,10s,29.97fps,QP27,6091k,8bit,H265,,
#VIDEO,ENDS,20200702,115418483,893017,,,,,,,,,,,,
#RATING,STARTS,20200702,115418585,893119,,,,,,,,,,,,
#RATING,ENDS,20200702,115419956,894490,4,1.3700581,G2FormationPace,360Video,ERP,4096x2048,10s,29.97fps,QP27,6091k,8bit,H265
#VIDEO,STARTS,20200702,115419981,894515,G2FormationPace,360Video,ERP,6144x3072,10s,29.97fps,QP22,21564k,8bit,H265,,
#VIDEO,ENDS,20200702,115430012,904546,,,,,,,,,,,,
#RATING,STARTS,20200702,115430241,904775,,,,,,,,,,,,
#RATING,ENDS,20200702,115431113,905647,4,0.8718755,G2FormationPace,360Video,ERP,6144x3072,10s,29.97fps,QP22,21564k,8bit,H265
#VIDEO,STARTS,20200702,115431114,905648,G4Alcatraz,360Video,ERP,4096x2048,10s,29.97fps,QP37,4943k,8bit,H265,,
#VIDEO,ENDS,20200702,115441126,915660,,,,,,,,,,,,
#RATING,STARTS,20200702,115441223,915757,,,,,,,,,,,,
#RATING,ENDS,20200702,115442117,916651,3,0.8938545,G4Alcatraz,360Video,ERP,4096x2048,10s,29.97fps,QP37,4943k,8bit,H265
#VIDEO,STARTS,20200702,115442443,916977,G4Alcatraz,360Video,ERP,6144x3072,10s,29.97fps,QP42,4179k,8bit,H265,,
#VIDEO,ENDS,20200702,115452461,926995,,,,,,,,,,,,
#RATING,STARTS,20200702,115452694,927229,,,,,,,,,,,,
#RATING,ENDS,20200702,115453541,928075,4,0.846366,G4Alcatraz,360Video,ERP,6144x3072,10s,29.97fps,QP42,4179k,8bit,H265
#VIDEO,STARTS,20200702,115453543,928077,G2FormationPace,360Video,ERP,4096x2048,10s,29.97fps,QP22,11921k,8bit,H265,,
#VIDEO,ENDS,20200702,115503576,938111,,,,,,,,,,,,
#RATING,STARTS,20200702,115503691,938225,,,,,,,,,,,,
#RATING,ENDS,20200702,115504467,939001,5,0.7759731,G2FormationPace,360Video,ERP,4096x2048,10s,29.97fps,QP22,11921k,8bit,H265
#VIDEO,STARTS,20200702,115504468,939002,G4Alcatraz,360Video,ERP,4096x2048,10s,29.97fps,QP42,2081k,8bit,H265,,
#VIDEO,ENDS,20200702,115514500,949035,,,,,,,,,,,,
#RATING,STARTS,20200702,115514602,949136,,,,,,,,,,,,
#RATING,ENDS,20200702,115515275,949809,3,0.6712046,G4Alcatraz,360Video,ERP,4096x2048,10s,29.97fps,QP42,2081k,8bit,H265
#VIDEO,STARTS,20200702,115515350,949884,G4Alcatraz,360Video,ERP,4096x2048,10s,29.97fps,QP27,19339k,8bit,H265,,
#VIDEO,ENDS,20200702,115525380,959914,,,,,,,,,,,,
#RATING,STARTS,20200702,115525492,960026,,,,,,,,,,,,
#RATING,ENDS,20200702,115526651,961185,5,1.1579642,G4Alcatraz,360Video,ERP,4096x2048,10s,29.97fps,QP27,19339k,8bit,H265
#VIDEO,STARTS,20200702,115526653,961187,G2FormationPace,360Video,ERP,6144x3072,10s,29.97fps,QP37,2741k,8bit,H265,,
#VIDEO,ENDS,20200702,115536684,971218,,,,,,,,,,,,
#RATING,STARTS,20200702,115536916,971451,,,,,,,,,,,,
#RATING,ENDS,20200702,115537910,972444,3,0.9932345,G2FormationPace,360Video,ERP,6144x3072,10s,29.97fps,QP37,2741k,8bit,H265
#VIDEO,STARTS,20200702,115538124,972658,G4Alcatraz,360Video,ERP,6144x3072,10s,29.97fps,QP37,9157k,8bit,H265,,
#VIDEO,ENDS,20200702,115548132,982667,,,,,,,,,,,,
#RATING,STARTS,20200702,115548378,982912,,,,,,,,,,,,
#RATING,ENDS,20200702,115548930,983464,4,0.551044,G4Alcatraz,360Video,ERP,6144x3072,10s,29.97fps,QP37,9157k,8bit,H265
#VIDEO,STARTS,20200702,115548931,983465,G2FormationPace,360Video,ERP,3600x1800,10s,29.97fps,QP37,1181k,8bit,H265,,
#VIDEO,ENDS,20200702,115558957,993491,,,,,,,,,,,,
#RATING,STARTS,20200702,115559043,993577,,,,,,,,,,,,
#RATING,ENDS,20200702,115559708,994243,2,0.6644326,G2FormationPace,360Video,ERP,3600x1800,10s,29.97fps,QP37,1181k,8bit,H265
#VIDEO,STARTS,20200702,115559709,994244,G2FormationPace,360Video,ERP,4096x2048,10s,29.97fps,QP42,616k,8bit,H265,,
#VIDEO,ENDS,20200702,115609724,1004258,,,,,,,,,,,,
#RATING,STARTS,20200702,115609837,1004372,,,,,,,,,,,,
#RATING,ENDS,20200702,115610671,1005205,2,0.8322794,G2FormationPace,360Video,ERP,4096x2048,10s,29.97fps,QP42,616k,8bit,H265
#VIDEO,STARTS,20200702,115610672,1005206,G2FormationPace,360Video,ERP,2048x1024,10s,29.97fps,QP42,167k,8bit,H265,,
#VIDEO,ENDS,20200702,115620693,1015227,,,,,,,,,,,,
#RATING,STARTS,20200702,115620722,1015256,,,,,,,,,,,,
#RATING,ENDS,20200702,115621774,1016308,1,1.0501333,G2FormationPace,360Video,ERP,2048x1024,10s,29.97fps,QP42,167k,8bit,H265
#VIDEO,STARTS,20200702,115621775,1016309,G4Alcatraz,360Video,ERP,3600x1800,10s,29.97fps,QP42,1641k,8bit,H265,,
#VIDEO,ENDS,20200702,115631807,1026341,,,,,,,,,,,,
#RATING,STARTS,20200702,115631891,1026425,,,,,,,,,,,,
#RATING,ENDS,20200702,115632699,1027234,2,0.8084848,G4Alcatraz,360Video,ERP,3600x1800,10s,29.97fps,QP42,1641k,8bit,H265
#VIDEO,STARTS,20200702,115633146,1027680,G4Alcatraz,360Video,ERP,3600x1800,10s,29.97fps,crf10,82617k,8bit,H265,,
#VIDEO,ENDS,20200702,115643178,1037712,,,,,,,,,,,,
#RATING,STARTS,20200702,115643265,1037799,,,,,,,,,,,,
#RATING,ENDS,20200702,115644663,1039197,5,1.3963868,G4Alcatraz,360Video,ERP,3600x1800,10s,29.97fps,crf10,82617k,8bit,H265
#VIDEO,STARTS,20200702,115645090,1039624,G2FormationPace,360Video,ERP,7680x3840,10s,29.97fps,QP27,15079k,8bit,H265,,
#VIDEO,ENDS,20200702,115655108,1049643,,,,,,,,,,,,
#RATING,STARTS,20200702,115655475,1050009,,,,,,,,,,,,
#VIDEO,STARTS,20200702,115656173,1050707,G4Alcatraz,360Video,ERP,4096x2048,10s,29.97fps,QP32,10134k,8bit,H265,,
#RATING,ENDS,20200702,115656173,1050707,5,0.6961717,G2FormationPace,360Video,ERP,7680x3840,10s,29.97fps,QP27,15079k,8bit,H265
#VIDEO,ENDS,20200702,115706200,1060734,,,,,,,,,,,,
#RATING,STARTS,20200702,115706300,1060834,,,,,,,,,,,,
#RATING,ENDS,20200702,115707314,1061848,5,1.0123239,G4Alcatraz,360Video,ERP,4096x2048,10s,29.97fps,QP32,10134k,8bit,H265
#VIDEO,STARTS,20200702,115707315,1061849,G2FormationPace,360Video,ERP,3600x1800,10s,29.97fps,QP22,9834k,8bit,H265,,
#VIDEO,ENDS,20200702,115717336,1071870,,,,,,,,,,,,
#RATING,STARTS,20200702,115717414,1071948,,,,,,,,,,,,
#RATING,ENDS,20200702,115720404,1074938,4,2.9893424,G2FormationPace,360Video,ERP,3600x1800,10s,29.97fps,QP22,9834k,8bit,H265
#VIDEO,STARTS,20200702,115720407,1074941,G4Alcatraz,360Video,ERP,6144x3072,10s,29.97fps,crf10,184095k,8bit,H265,,
#VIDEO,ENDS,20200702,115730426,1084960,,,,,,,,,,,,
#RATING,STARTS,20200702,115730661,1085195,,,,,,,,,,,,
#RATING,ENDS,20200702,115731999,1086534,5,1.3383883,G4Alcatraz,360Video,ERP,6144x3072,10s,29.97fps,crf10,184095k,8bit,H265
#VIDEO,STARTS,20200702,115732000,1086535,G4Alcatraz,360Video,ERP,6144x3072,10s,29.97fps,QP32,17993k,8bit,H265,,
#VIDEO,ENDS,20200702,115742021,1096555,,,,,,,,,,,,
#RATING,STARTS,20200702,115742267,1096801,,,,,,,,,,,,
#RATING,ENDS,20200702,115743281,1097815,5,1.0127838,G4Alcatraz,360Video,ERP,6144x3072,10s,29.97fps,QP32,17993k,8bit,H265
#VIDEO,STARTS,20200702,115743282,1097816,G4Alcatraz,360Video,ERP,3600x1800,10s,29.97fps,QP27,16033k,8bit,H265,,
#VIDEO,ENDS,20200702,115753302,1107836,,,,,,,,,,,,
#RATING,STARTS,20200702,115753384,1107918,,,,,,,,,,,,
#RATING,ENDS,20200702,115754584,1109118,4,1.1999066,G4Alcatraz,360Video,ERP,3600x1800,10s,29.97fps,QP27,16033k,8bit,H265
#VIDEO,STARTS,20200702,115754956,1109490,G4Alcatraz,360Video,ERP,4096x2048,10s,29.97fps,crf10,100813k,8bit,H265,,
#VIDEO,ENDS,20200702,115804975,1119509,,,,,,,,,,,,
#RATING,STARTS,20200702,115805079,1119614,,,,,,,,,,,,
#RATING,ENDS,20200702,115806447,1120981,5,1.3683622,G4Alcatraz,360Video,ERP,4096x2048,10s,29.97fps,crf10,100813k,8bit,H265
#VIDEO,STARTS,20200702,115806786,1121321,G2FormationPace,360Video,ERP,6144x3072,10s,29.97fps,crf10,88060k,8bit,H265,,
#VIDEO,ENDS,20200702,115816814,1131348,,,,,,,,,,,,
#RATING,STARTS,20200702,115817041,1131575,,,,,,,,,,,,
#RATING,ENDS,20200702,115818610,1133144,4,1.568644,G2FormationPace,360Video,ERP,6144x3072,10s,29.97fps,crf10,88060k,8bit,H265
#VIDEO,STARTS,20200702,115818611,1133145,G4Alcatraz,360Video,ERP,3600x1800,10s,29.97fps,QP37,4007k,8bit,H265,,
#VIDEO,ENDS,20200702,115828633,1143167,,,,,,,,,,,,
#RATING,STARTS,20200702,115828710,1143244,,,,,,,,,,,,
#RATING,ENDS,20200702,115829881,1144416,3,1.1695433,G4Alcatraz,360Video,ERP,3600x1800,10s,29.97fps,QP37,4007k,8bit,H265
#VIDEO,STARTS,20200702,115829882,1144417,G2FormationPace,360Video,ERP,2048x1024,10s,29.97fps,QP22,3928k,8bit,H265,,
#VIDEO,ENDS,20200702,115839925,1154460,,,,,,,,,,,,
#RATING,STARTS,20200702,115839948,1154483,,,,,,,,,,,,
#RATING,ENDS,20200702,115841565,1156099,4,1.6172142,G2FormationPace,360Video,ERP,2048x1024,10s,29.97fps,QP22,3928k,8bit,H265
#VIDEO,STARTS,20200702,115841759,1156294,G4Alcatraz,360Video,ERP,7680x3840,10s,29.97fps,QP42,5943k,8bit,H265,,
#VIDEO,ENDS,20200702,115851787,1166321,,,,,,,,,,,,
#RATING,STARTS,20200702,115852133,1166668,,,,,,,,,,,,
#RATING,ENDS,20200702,115853238,1167772,5,1.1057229,G4Alcatraz,360Video,ERP,7680x3840,10s,29.97fps,QP42,5943k,8bit,H265
#VIDEO,STARTS,20200702,115853787,1168321,G2FormationPace,360Video,ERP,7680x3840,10s,29.97fps,QP42,1754k,8bit,H265,,
#VIDEO,ENDS,20200702,115903819,1178353,,,,,,,,,,,,
#RATING,STARTS,20200702,115904181,1178715,,,,,,,,,,,,
#RATING,ENDS,20200702,115905335,1179869,2,1.1528251,G2FormationPace,360Video,ERP,7680x3840,10s,29.97fps,QP42,1754k,8bit,H265
#VIDEO,STARTS,20200702,115905336,1179870,G4Alcatraz,360Video,ERP,2048x1024,10s,29.97fps,QP32,3200k,8bit,H265,,
#VIDEO,ENDS,20200702,115915355,1189889,,,,,,,,,,,,
#RATING,STARTS,20200702,115915380,1189914,,,,,,,,,,,,
#RATING,ENDS,20200702,115916393,1190927,2,1.0131928,G4Alcatraz,360Video,ERP,2048x1024,10s,29.97fps,QP32,3200k,8bit,H265
#VIDEO,STARTS,20200702,115918465,1192999,G4Alcatraz,360Video,ERP,7680x3840,10s,29.97fps,crf10,226786k,8bit,H265,,
#VIDEO,ENDS,20200702,115928481,1203015,,,,,,,,,,,,
#RATING,STARTS,20200702,115928847,1203381,,,,,,,,,,,,
#RATING,ENDS,20200702,115930600,1205135,5,1.7517037,G4Alcatraz,360Video,ERP,7680x3840,10s,29.97fps,crf10,226786k,8bit,H265
#VIDEO,STARTS,20200702,115930601,1205136,G4Alcatraz,360Video,ERP,2048x1024,10s,29.97fps,crf10,31544k,8bit,H265,,
#VIDEO,ENDS,20200702,115940612,1215147,,,,,,,,,,,,
#RATING,STARTS,20200702,115940638,1215173,,,,,,,,,,,,
#RATING,ENDS,20200702,115942015,1216549,3,1.3757614,G4Alcatraz,360Video,ERP,2048x1024,10s,29.97fps,crf10,31544k,8bit,H265
#VIDEO,STARTS,20200702,115942016,1216550,G2FormationPace,360Video,ERP,6144x3072,10s,29.97fps,QP32,5506k,8bit,H265,,
#VIDEO,ENDS,20200702,115952026,1226560,,,,,,,,,,,,
#RATING,STARTS,20200702,115952265,1226799,,,,,,,,,,,,
#RATING,ENDS,20200702,115953756,1228290,4,1.4891577,G2FormationPace,360Video,ERP,6144x3072,10s,29.97fps,QP32,5506k,8bit,H265
#VIDEO,STARTS,20200702,115953757,1228291,G2FormationPace,360Video,ERP,3600x1800,10s,29.97fps,QP32,2494k,8bit,H265,,
#VIDEO,ENDS,20200702,120003788,1238322,,,,,,,,,,,,
#RATING,STARTS,20200702,120003872,1238406,,,,,,,,,,,,
#RATING,ENDS,20200702,120005048,1239583,3,1.1752748,G2FormationPace,360Video,ERP,3600x1800,10s,29.97fps,QP32,2494k,8bit,H265
#VIDEO,STARTS,20200702,120005049,1239584,G2FormationPace,360Video,ERP,2048x1024,10s,29.97fps,QP37,412k,8bit,H265,,
#VIDEO,ENDS,20200702,120015071,1249605,,,,,,,,,,,,
#RATING,STARTS,20200702,120015094,1249628,,,,,,,,,,,,
#RATING,ENDS,20200702,120016039,1250574,2,0.942734,G2FormationPace,360Video,ERP,2048x1024,10s,29.97fps,QP37,412k,8bit,H265
#VIDEO,STARTS,20200702,120016478,1251012,G4Alcatraz,360Video,ERP,6144x3072,10s,29.97fps,QP27,34200k,8bit,H265,,
#VIDEO,ENDS,20200702,120026507,1261041,,,,,,,,,,,,
#RATING,STARTS,20200702,120026752,1261286,,,,,,,,,,,,
#RATING,ENDS,20200702,120029555,1264089,5,2.8015099,G4Alcatraz,360Video,ERP,6144x3072,10s,29.97fps,QP27,34200k,8bit,H265
#VIDEO,STARTS,20200702,120029556,1264090,G2FormationPace,360Video,ERP,3600x1800,10s,29.97fps,QP42,498k,8bit,H265,,
#VIDEO,ENDS,20200702,120039587,1274121,,,,,,,,,,,,
#RATING,STARTS,20200702,120039672,1274207,,,,,,,,,,,,
#RATING,ENDS,20200702,120040736,1275271,2,1.062997,G2FormationPace,360Video,ERP,3600x1800,10s,29.97fps,QP42,498k,8bit,H265
#VIDEO,STARTS,20200702,120040737,1275272,G4Alcatraz,360Video,ERP,3600x1800,10s,29.97fps,QP32,8356k,8bit,H265,,
#VIDEO,ENDS,20200702,120050758,1285293,,,,,,,,,,,,
#RATING,STARTS,20200702,120050837,1285371,,,,,,,,,,,,
#RATING,ENDS,20200702,120051850,1286384,4,1.0128227,G4Alcatraz,360Video,ERP,3600x1800,10s,29.97fps,QP32,8356k,8bit,H265
#VIDEO,STARTS,20200702,120051852,1286386,G4Alcatraz,360Video,ERP,2048x1024,10s,29.97fps,QP22,11608k,8bit,H265,,
#VIDEO,ENDS,20200702,120101871,1296405,,,,,,,,,,,,
#RATING,STARTS,20200702,120101895,1296429,,,,,,,,,,,,
#RATING,ENDS,20200702,120103210,1297745,3,1.3137142,G4Alcatraz,360Video,ERP,2048x1024,10s,29.97fps,QP22,11608k,8bit,H265
#VIDEO,STARTS,20200702,120104263,1298797,G2FormationPace,360Video,ERP,7680x3840,10s,29.97fps,crf10,120957k,8bit,H265,,
#VIDEO,ENDS,20200702,120114293,1308828,,,,,,,,,,,,
#RATING,STARTS,20200702,120114658,1309193,,,,,,,,,,,,
#RATING,ENDS,20200702,120116469,1311003,4,1.8093476,G2FormationPace,360Video,ERP,7680x3840,10s,29.97fps,crf10,120957k,8bit,H265
#VIDEO,STARTS,20200702,120116470,1311004,G4Alcatraz,360Video,ERP,6144x3072,10s,29.97fps,QP22,63626k,8bit,H265,,
#VIDEO,ENDS,20200702,120126503,1321037,,,,,,,,,,,,
#RATING,STARTS,20200702,120126735,1321269,,,,,,,,,,,,
#RATING,ENDS,20200702,120127605,1322139,4,0.8692506,G4Alcatraz,360Video,ERP,6144x3072,10s,29.97fps,QP22,63626k,8bit,H265
#VIDEO,STARTS,20200702,120127606,1322140,G4Alcatraz,360Video,ERP,2048x1024,10s,29.97fps,QP27,6386k,8bit,H265,,
#VIDEO,ENDS,20200702,120137627,1332161,,,,,,,,,,,,
#RATING,STARTS,20200702,120137653,1332188,,,,,,,,,,,,
#RATING,ENDS,20200702,120138597,1333131,3,0.9425085,G4Alcatraz,360Video,ERP,2048x1024,10s,29.97fps,QP27,6386k,8bit,H265
#VIDEO,STARTS,20200702,120139717,1334251,G4Alcatraz,360Video,ERP,7680x3840,10s,29.97fps,QP27,47302k,8bit,H265,,
#VIDEO,ENDS,20200702,120149746,1344281,,,,,,,,,,,,
#RATING,STARTS,20200702,120150096,1344630,,,,,,,,,,,,
#RATING,ENDS,20200702,120151296,1345830,5,1.1993465,G4Alcatraz,360Video,ERP,7680x3840,10s,29.97fps,QP27,47302k,8bit,H265
#VIDEO,STARTS,20200702,120151297,1345831,G4Alcatraz,360Video,ERP,2048x1024,10s,29.97fps,QP42,518k,8bit,H265,,
#VIDEO,ENDS,20200702,120201307,1355841,,,,,,,,,,,,
#RATING,STARTS,20200702,120201333,1355867,,,,,,,,,,,,
#RATING,ENDS,20200702,120202511,1357046,1,1.1775171,G4Alcatraz,360Video,ERP,2048x1024,10s,29.97fps,QP42,518k,8bit,H265
#VIDEO,STARTS,20200702,120202512,1357047,G2FormationPace,360Video,ERP,2048x1024,10s,29.97fps,QP32,921k,8bit,H265,,
#VIDEO,ENDS,20200702,120212532,1367066,,,,,,,,,,,,
#RATING,STARTS,20200702,120212560,1367094,,,,,,,,,,,,
#RATING,ENDS,20200702,120213524,1368059,2,0.9633457,G2FormationPace,360Video,ERP,2048x1024,10s,29.97fps,QP32,921k,8bit,H265
#VIDEO,STARTS,20200702,120213525,1368060,G4Alcatraz,360Video,ERP,4096x2048,10s,29.97fps,QP22,35367k,8bit,H265,,
#VIDEO,ENDS,20200702,120223535,1378069,,,,,,,,,,,,
#RATING,STARTS,20200702,120223642,1378177,,,,,,,,,,,,
#RATING,ENDS,20200702,120225107,1379641,4,1.4651901,G4Alcatraz,360Video,ERP,4096x2048,10s,29.97fps,QP22,35367k,8bit,H265
#VIDEO,STARTS,20200702,120225108,1379642,G2FormationPace,360Video,ERP,2048x1024,10s,29.97fps,crf10,15940k,8bit,H265,,
#VIDEO,ENDS,20200702,120235128,1389663,,,,,,,,,,,,
#RATING,STARTS,20200702,120235160,1389695,,,,,,,,,,,,
#RATING,ENDS,20200702,120238221,1392755,4,3.0596528,G2FormationPace,360Video,ERP,2048x1024,10s,29.97fps,crf10,15940k,8bit,H265
#VIDEO,STARTS,20200702,120238223,1392757,G4Alcatraz,360Video,ERP,2048x1024,10s,29.97fps,QP37,1421k,8bit,H265,,
#VIDEO,ENDS,20200702,120248242,1402777,,,,,,,,,,,,
#RATING,STARTS,20200702,120248266,1402801,,,,,,,,,,,,
#RATING,ENDS,20200702,120249189,1403723,2,0.9221815,G4Alcatraz,360Video,ERP,2048x1024,10s,29.97fps,QP37,1421k,8bit,H265
#VIDEO,STARTS,20200702,120249190,1403724,G2FormationPace,360Video,ERP,4096x2048,10s,29.97fps,QP32,3042k,8bit,H265,,
#VIDEO,ENDS,20200702,120259211,1413746,,,,,,,,,,,,
#RATING,STARTS,20200702,120259314,1413848,,,,,,,,,,,,
#RATING,ENDS,20200702,120300170,1414705,3,0.8553684,G2FormationPace,360Video,ERP,4096x2048,10s,29.97fps,QP32,3042k,8bit,H265
#VIDEO,STARTS,20200702,120301178,1415712,G4Alcatraz,360Video,ERP,7680x3840,10s,29.97fps,QP32,24887k,8bit,H265,,
#VIDEO,ENDS,20200702,120311197,1425732,,,,,,,,,,,,
#RATING,STARTS,20200702,120311569,1426103,,,,,,,,,,,,
#RATING,ENDS,20200702,120312378,1426913,4,0.8075214,G4Alcatraz,360Video,ERP,7680x3840,10s,29.97fps,QP32,24887k,8bit,H265
#EXPERIMENT,ENDS,20200702,120312589,1427123,1395.736583,,,,,,,,,,,