#CALIBRATION,STARTS,20200630,133243507,20183,,,,,,,,,,,,
#CALIBRATION,ENDS,20200630,133252008,28685,unsuccessful,,,,,,,,,,,
#CALIBRATION,STARTS,20200630,133253738,30415,,,,,,,,,,,,
#CALIBRATION,ENDS,20200630,133302142,38818,successful,,,,,,,,,,,
#EXPERIMENT,START,20200630,133305009,41686,6/30/2020 1:33:05 PM,,,,,,,,,,,
#VIDEO,STARTS,20200630,133305010,41686,G9BloomingAppleOrchards,360Video,ERP,7680x3840,10s,29.97fps,QP27,19085k,8bit,H265,,
#VIDEO,ENDS,20200630,133315021,51698,,,,,,,,,,,,
#RATING,STARTS,20200630,133315408,52085,,,,,,,,,,,,
#RATING,ENDS,20200630,133317031,53708,4,1.6210873,G9BloomingAppleOrchards,360Video,ERP,7680x3840,10s,29.97fps,QP27,19085k,8bit,H265
#VIDEO,STARTS,20200630,133317032,53709,G10PandaBaseChengdu,360Video,ERP,6144x3072,10s,29.97fps,QP32,3199k,8bit,H265,,
#VIDEO,ENDS,20200630,133327049,63726,,,,,,,,,,,,
#RATING,STARTS,20200630,133327275,63951,,,,,,,,,,,,
#RATING,ENDS,20200630,133328621,65298,4,1.3448741,G10PandaBaseChengdu,360Video,ERP,6144x3072,10s,29.97fps,QP32,3199k,8bit,H265
#VIDEO,STARTS,20200630,133328622,65299,G9BloomingAppleOrchards,360Video,ERP,3600x1800,10s,29.97fps,crf10,56318k,8bit,H265,,
#VIDEO,ENDS,20200630,133338644,75320,,,,,,,,,,,,
#RATING,STARTS,20200630,133338731,75408,,,,,,,,,,,,
#RATING,ENDS,20200630,133339825,76501,3,1.0933045,G9BloomingAppleOrchards,360Video,ERP,3600x1800,10s,29.97fps,crf10,56318k,8bit,H265
#VIDEO,STARTS,20200630,133340791,77468,G10PandaBaseChengdu,360Video,ERP,7680x3840,10s,29.97fps,QP22,27192k,8bit,H265,,
#VIDEO,ENDS,20200630,133350818,87495,,,,,,,,,,,,
#RATING,STARTS,20200630,133351173,87849,,,,,,,,,,,,
#RATING,ENDS,20200630,133352169,88846,4,0.9954005,G10PandaBaseChengdu,360Video,ERP,7680x3840,10s,29.97fps,QP22,27192k,8bit,H265
#VIDEO,STARTS,20200630,133352360,89037,G9BloomingAppleOrchards,360Video,ERP,6144x3072,10s,29.97fps,QP32,4971k,8bit,H265,,
#VIDEO,ENDS,20200630,133402379,99056,,,,,,,,,,,,
#RATING,STARTS,20200630,133402612,99289,,,,,,,,,,,,
#RATING,ENDS,20200630,133404052,100729,4,1.4402255,G9BloomingAppleOrchards,360Video,ERP,6144x3072,10s,29.97fps,QP32,4971k,8bit,H265
#VIDEO,STARTS,20200630,133405711,102388,G9BloomingAppleOrchards,360Video,ERP,7680x3840,10s,29.97fps,crf10,166036k,8bit,H265,,
#VIDEO,ENDS,20200630,133415739,112415,,,,,,,,,,,,
#RATING,STARTS,20200630,133416098,112774,,,,,,,,,,,,
#RATING,ENDS,20200630,133418104,114781,5,2.0062723,G9BloomingAppleOrchards,360Video,ERP,7680x3840,10s,29.97fps,crf10,166036k,8bit,H265
#VIDEO,STARTS,20200630,133418106,114783,G9BloomingAppleOrchards,360Video,ERP,4096x2048,10s,29.97fps,QP27,4925k,8bit,H265,,
#VIDEO,ENDS,20200630,133428126,124802,,,,,,,,,,,,
#RATING,STARTS,20200630,133428228,124905,,,,,,,,,,,,
#RATING,ENDS,20200630,133429463,126139,3,1.2353653,G9BloomingAppleOrchards,360Video,ERP,4096x2048,10s,29.97fps,QP27,4925k,8bit,H265
#VIDEO,STARTS,20200630,133429464,126140,G10PandaBaseChengdu,360Video,ERP,3600x1800,10s,29.97fps,QP37,650k,8bit,H265,,
#VIDEO,ENDS,20200630,133439498,136175,,,,,,,,,,,,
#RATING,STARTS,20200630,133439582,136258,,,,,,,,,,,,
#RATING,ENDS,20200630,133441069,137746,3,1.4856871,G10PandaBaseChengdu,360Video,ERP,3600x1800,10s,29.97fps,QP37,650k,8bit,H265
#VIDEO,STARTS,20200630,133441071,137748,G9BloomingAppleOrchards,360Video,ERP,2048x1024,10s,29.97fps,QP27,1270k,8bit,H265,,
#VIDEO,ENDS,20200630,133451081,147758,,,,,,,,,,,,
#RATING,STARTS,20200630,133451110,147787,,,,,,,,,,,,
#RATING,ENDS,20200630,133452362,149039,2,1.2511281,G9BloomingAppleOrchards,360Video,ERP,2048x1024,10s,29.97fps,QP27,1270k,8bit,H265
#VIDEO,STARTS,20200630,133452363,149040,G10PandaBaseChengdu,360Video,ERP,2048x1024,10s,29.97fps,QP27,1081k,8bit,H265,,
#VIDEO,ENDS,20200630,133502394,159070,,,,,,,,,,,,
#RATING,STARTS,20200630,133502422,159098,,,,,,,,,,,,
#RATING,ENDS,20200630,133503466,160143,3,1.042236,G10PandaBaseChengdu,360Video,ERP,2048x1024,10s,29.97fps,QP27,1081k,8bit,H265
#VIDEO,STARTS,20200630,133503796,160473,G10PandaBaseChengdu,360Video,ERP,6144x3072,10s,29.97fps,QP22,22218k,8bit,H265,,
#VIDEO,ENDS,20200630,133513834,170511,,,,,,,,,,,,
#RATING,STARTS,20200630,133514069,170746,,,,,,,,,,,,
#RATING,ENDS,20200630,133514947,171624,4,0.8784132,G10PandaBaseChengdu,360Video,ERP,6144x3072,10s,29.97fps,QP22,22218k,8bit,H265
#VIDEO,STARTS,20200630,133514948,171625,G9BloomingAppleOrchards,360Video,ERP,2048x1024,10s,29.97fps,crf10,15842k,8bit,H265,,
#VIDEO,ENDS,20200630,133524960,181637,,,,,,,,,,,,
#RATING,STARTS,20200630,133524992,181669,,,,,,,,,,,,
#RATING,ENDS,20200630,133525770,182446,3,0.7774372,G9BloomingAppleOrchards,360Video,ERP,2048x1024,10s,29.97fps,crf10,15842k,8bit,H265
#VIDEO,STARTS,20200630,133525773,182449,G10PandaBaseChengdu,360Video,ERP,3600x1800,10s,29.97fps,QP22,8661k,8bit,H265,,
#VIDEO,ENDS,20200630,133535802,192479,,,,,,,,,,,,
#RATING,STARTS,20200630,133535890,192566,,,,,,,,,,,,
#RATING,ENDS,20200630,133537511,194188,4,1.6204558,G10PandaBaseChengdu,360Video,ERP,3600x1800,10s,29.97fps,QP22,8661k,8bit,H265
#VIDEO,STARTS,20200630,133537512,194189,G9BloomingAppleOrchards,360Video,ERP,3600x1800,10s,29.97fps,QP42,588k,8bit,H265,,
#VIDEO,ENDS,20200630,133547510,204187,,,,,,,,,,,,
#RATING,STARTS,20200630,133547595,204272,,,,,,,,,,,,
#RATING,ENDS,20200630,133548927,205604,1,1.3313351,G9BloomingAppleOrchards,360Video,ERP,3600x1800,10s,29.97fps,QP42,588k,8bit,H265
#VIDEO,STARTS,20200630,133550495,207172,G10PandaBaseChengdu,360Video,ERP,7680x3840,10s,29.97fps,crf10,136685k,8bit,H265,,
#VIDEO,ENDS,20200630,133600534,217211,,,,,,,,,,,,
#RATING,STARTS,20200630,133600903,217580,,,,,,,,,,,,
#RATING,ENDS,20200630,133602453,219130,5,1.548915,G10PandaBaseChengdu,360Video,ERP,7680x3840,10s,29.97fps,crf10,136685k,8bit,H265
#VIDEO,STARTS,20200630,133602635,219312,G10PandaBaseChengdu,360Video,ERP,7680x3840,10s,29.97fps,QP42,1084k,8bit,H265,,
#VIDEO,ENDS,20200630,133612642,229319,,,,,,,,,,,,
#RATING,STARTS,20200630,133612986,229663,,,,,,,,,,,,
#RATING,ENDS,20200630,133614126,230803,4,1.1398704,G10PandaBaseChengdu,360Video,ERP,7680x3840,10s,29.97fps,QP42,1084k,8bit,H265
#VIDEO,STARTS,20200630,133615357,232034,G9BloomingAppleOrchards,360Video,ERP,7680x3840,10s,29.97fps,QP22,43270k,8bit,H265,,
#VIDEO,ENDS,20200630,133625388,242065,,,,,,,,,,,,
#RATING,STARTS,20200630,133625745,242422,,,,,,,,,,,,
#RATING,ENDS,20200630,133628088,244765,5,2.3414983,G9BloomingAppleOrchards,360Video,ERP,7680x3840,10s,29.97fps,QP22,43270k,8bit,H265
#VIDEO,STARTS,20200630,133628089,244766,G10PandaBaseChengdu,360Video,ERP,6144x3072,10s,29.97fps,crf10,130031k,8bit,H265,,
#VIDEO,ENDS,20200630,133638098,254775,,,,,,,,,,,,
#RATING,STARTS,20200630,133638329,255006,,,,,,,,,,,,
#RATING,ENDS,20200630,133639224,255901,5,0.8938369,G10PandaBaseChengdu,360Video,ERP,6144x3072,10s,29.97fps,crf10,130031k,8bit,H265
#VIDEO,STARTS,20200630,133639226,255903,G9BloomingAppleOrchards,360Video,ERP,4096x2048,10s,29.97fps,QP42,732k,8bit,H265,,
#VIDEO,ENDS,20200630,133649257,265934,,,,,,,,,,,,
#RATING,STARTS,20200630,133649362,266038,,,,,,,,,,,,
#RATING,ENDS,20200630,133651120,267797,1,1.7565852,G9BloomingAppleOrchards,360Video,ERP,4096x2048,10s,29.97fps,QP42,732k,8bit,H265
#VIDEO,STARTS,20200630,133651122,267799,G10PandaBaseChengdu,360Video,ERP,4096x2048,10s,29.97fps,QP22,10859k,8bit,H265,,
#VIDEO,ENDS,20200630,133701142,277818,,,,,,,,,,,,
#RATING,STARTS,20200630,133701252,277929,,,,,,,,,,,,
#RATING,ENDS,20200630,133702435,279111,4,1.182376,G10PandaBaseChengdu,360Video,ERP,4096x2048,10s,29.97fps,QP22,10859k,8bit,H265
#VIDEO,STARTS,20200630,133702971,279648,G9BloomingAppleOrchards,360Video,ERP,7680x3840,10s,29.97fps,QP42,1964k,8bit,H265,,
#VIDEO,ENDS,20200630,133712982,289659,,,,,,,,,,,,
#RATING,STARTS,20200630,133713345,290022,,,,,,,,,,,,
#RATING,ENDS,20200630,133714420,291097,3,1.0736216,G9BloomingAppleOrchards,360Video,ERP,7680x3840,10s,29.97fps,QP42,1964k,8bit,H265
#VIDEO,STARTS,20200630,133714422,291099,G10PandaBaseChengdu,360Video,ERP,2048x1024,10s,29.97fps,QP22,2760k,8bit,H265,,
#VIDEO,ENDS,20200630,133724443,301120,,,,,,,,,,,,
#RATING,STARTS,20200630,133724472,301149,,,,,,,,,,,,
#RATING,ENDS,20200630,133725757,302434,3,1.2835405,G10PandaBaseChengdu,360Video,ERP,2048x1024,10s,29.97fps,QP22,2760k,8bit,H265
#VIDEO,STARTS,20200630,133725758,302435,G9BloomingAppleOrchards,360Video,ERP,6144x3072,10s,29.97fps,QP37,2635k,8bit,H265,,
#VIDEO,ENDS,20200630,133735791,312467,,,,,,,,,,,,
#RATING,STARTS,20200630,133736035,312712,,,,,,,,,,,,
#RATING,ENDS,20200630,133737140,313817,4,1.1050151,G9BloomingAppleOrchards,360Video,ERP,6144x3072,10s,29.97fps,QP37,2635k,8bit,H265
#VIDEO,STARTS,20200630,133737141,313818,G9BloomingAppleOrchards,360Video,ERP,3600x1800,10s,29.97fps,QP37,1169k,8bit,H265,,
#VIDEO,ENDS,20200630,133747162,323838,,,,,,,,,,,,
#RATING,STARTS,20200630,133747241,323918,,,,,,,,,,,,
#RATING,ENDS,20200630,133748467,325144,3,1.2247467,G9BloomingAppleOrchards,360Video,ERP,3600x1800,10s,29.97fps,QP37,1169k,8bit,H265
#VIDEO,STARTS,20200630,133749595,326272,G9BloomingAppleOrchards,360Video,ERP,6144x3072,10s,29.97fps,crf10,151287k,8bit,H265,,
#VIDEO,ENDS,20200630,133759616,336293,,,,,,,,,,,,
#RATING,STARTS,20200630,133759855,336532,,,,,,,,,,,,
#RATING,ENDS,20200630,133801031,337708,3,1.1754705,G9BloomingAppleOrchards,360Video,ERP,6144x3072,10s,29.97fps,crf10,151287k,8bit,H265
#VIDEO,STARTS,20200630,133801032,337709,G9BloomingAppleOrchards,360Video,ERP,4096x2048,10s,29.97fps,QP37,1437k,8bit,H265,,
#VIDEO,ENDS,20200630,133811054,347730,,,,,,,,,,,,
#RATING,STARTS,20200630,133811175,347852,,,,,,,,,,,,
#RATING,ENDS,20200630,133811863,348540,3,0.6868694,G9BloomingAppleOrchards,360Video,ERP,4096x2048,10s,29.97fps,QP37,1437k,8bit,H265
#VIDEO,STARTS,20200630,133812875,349552,G10PandaBaseChengdu,360Video,ERP,7680x3840,10s,29.97fps,QP37,2127k,8bit,H265,,
#VIDEO,ENDS,20200630,133822896,359573,,,,,,,,,,,,
#RATING,STARTS,20200630,133823279,359956,,,,,,,,,,,,
#RATING,ENDS,20200630,133824467,361144,4,1.1867658,G10PandaBaseChengdu,360Video,ERP,7680x3840,10s,29.97fps,QP37,2127k,8bit,H265
#VIDEO,STARTS,20200630,133824468,361145,G10PandaBaseChengdu,360Video,ERP,4096x2048,10s,29.97fps,QP37,782k,8bit,H265,,
#VIDEO,ENDS,20200630,133834500,371177,,,,,,,,,,,,
#RATING,STARTS,20200630,133834609,371286,,,,,,,,,,,,
#RATING,ENDS,20200630,133836050,372726,3,1.4409218,G10PandaBaseChengdu,360Video,ERP,4096x2048,10s,29.97fps,QP37,782k,8bit,H265
#VIDEO,STARTS,20200630,133836051,372727,G10PandaBaseChengdu,360Video,ERP,3600x1800,10s,29.97fps,crf10,57958k,8bit,H265,,
#VIDEO,ENDS,20200630,133846082,382758,,,,,,,,,,,,
#RATING,STARTS,20200630,133846178,382855,,,,,,,,,,,,
#RATING,ENDS,20200630,133847054,383731,5,0.8754231,G10PandaBaseChengdu,360Video,ERP,3600x1800,10s,29.97fps,crf10,57958k,8bit,H265
#VIDEO,STARTS,20200630,133848004,384681,G9BloomingAppleOrchards,360Video,ERP,7680x3840,10s,29.97fps,QP32,7728k,8bit,H265,,
#VIDEO,ENDS,20200630,133858032,394708,,,,,,,,,,,,
#RATING,STARTS,20200630,133858409,395086,,,,,,,,,,,,
#RATING,ENDS,20200630,133859551,396228,5,1.1407902,G9BloomingAppleOrchards,360Video,ERP,7680x3840,10s,29.97fps,QP32,7728k,8bit,H265
#VIDEO,STARTS,20200630,133859553,396230,G9BloomingAppleOrchards,360Video,ERP,4096x2048,10s,29.97fps,QP32,2621k,8bit,H265,,
#VIDEO,ENDS,20200630,133909571,406248,,,,,,,,,,,,
#RATING,STARTS,20200630,133909697,406373,,,,,,,,,,,,
#RATING,ENDS,20200630,133910732,407409,4,1.0347994,G9BloomingAppleOrchards,360Video,ERP,4096x2048,10s,29.97fps,QP32,2621k,8bit,H265
#VIDEO,STARTS,20200630,133910881,407558,G9BloomingAppleOrchards,360Video,ERP,6144x3072,10s,29.97fps,QP42,1404k,8bit,H265,,
#VIDEO,ENDS,20200630,133920900,417577,,,,,,,,,,,,
#RATING,STARTS,20200630,133921136,417812,,,,,,,,,,,,
#RATING,ENDS,20200630,133922192,418868,3,1.0559633,G9BloomingAppleOrchards,360Video,ERP,6144x3072,10s,29.97fps,QP42,1404k,8bit,H265
#VIDEO,STARTS,20200630,133922193,418869,G9BloomingAppleOrchards,360Video,ERP,2048x1024,10s,29.97fps,QP42,200k,8bit,H265,,
#VIDEO,ENDS,20200630,133932226,428903,,,,,,,,,,,,
#RATING,STARTS,20200630,133932257,428934,,,,,,,,,,,,
#RATING,ENDS,20200630,133933474,430151,1,1.2165294,G9BloomingAppleOrchards,360Video,ERP,2048x1024,10s,29.97fps,QP42,200k,8bit,H265
#VIDEO,STARTS,20200630,133933475,430152,G10PandaBaseChengdu,360Video,ERP,4096x2048,10s,29.97fps,QP42,400k,8bit,H265,,
#VIDEO,ENDS,20200630,133943507,440184,,,,,,,,,,,,
#RATING,STARTS,20200630,133943619,440296,,,,,,,,,,,,
#RATING,ENDS,20200630,133944979,441655,2,1.3598293,G10PandaBaseChengdu,360Video,ERP,4096x2048,10s,29.97fps,QP42,400k,8bit,H265
#VIDEO,STARTS,20200630,133944981,441657,G10PandaBaseChengdu,360Video,ERP,4096x2048,10s,29.97fps,crf10,71459k,8bit,H265,,
#VIDEO,ENDS,20200630,133955013,451690,,,,,,,,,,,,
#RATING,STARTS,20200630,133955151,451828,,,,,,,,,,,,
#RATING,ENDS,20200630,133956306,452983,4,1.1537628,G10PandaBaseChengdu,360Video,ERP,4096x2048,10s,29.97fps,crf10,71459k,8bit,H265
#VIDEO,STARTS,20200630,133956307,452984,G9BloomingAppleOrchards,360Video,ERP,2048x1024,10s,29.97fps,QP37,408k,8bit,H265,,
#VIDEO,ENDS,20200630,134006338,463015,,,,,,,,,,,,
#RATING,STARTS,20200630,134006368,463045,,,,,,,,,,,,
#RATING,ENDS,20200630,134007464,464140,2,1.0952365,G9BloomingAppleOrchards,360Video,ERP,2048x1024,10s,29.97fps,QP37,408k,8bit,H265
#VIDEO,STARTS,20200630,134007466,464142,G10PandaBaseChengdu,360Video,ERP,4096x2048,10s,29.97fps,QP32,1587k,8bit,H265,,
#VIDEO,ENDS,20200630,134017486,474163,,,,,,,,,,,,
#RATING,STARTS,20200630,134017597,474273,,,,,,,,,,,,
#RATING,ENDS,20200630,134018957,475633,4,1.3589981,G10PandaBaseChengdu,360Video,ERP,4096x2048,10s,29.97fps,QP32,1587k,8bit,H265
#VIDEO,STARTS,20200630,134018958,475634,G10PandaBaseChengdu,360Video,ERP,6144x3072,10s,29.97fps,QP37,1481k,8bit,H265,,
#VIDEO,ENDS,20200630,134028967,485644,,,,,,,,,,,,
#RATING,STARTS,20200630,134029197,485873,,,,,,,,,,,,
#RATING,ENDS,20200630,134030084,486761,4,0.8851875,G10PandaBaseChengdu,360Video,ERP,6144x3072,10s,29.97fps,QP37,1481k,8bit,H265
#VIDEO,STARTS,20200630,134030622,487299,G9BloomingAppleOrchards,360Video,ERP,6144x3072,10s,29.97fps,QP27,10684k,8bit,H265,,
#VIDEO,ENDS,20200630,134040641,497318,,,,,,,,,,,,
#RATING,STARTS,20200630,134040877,497554,,,,,,,,,,,,
#RATING,ENDS,20200630,134042628,499305,5,1.7497182,G9BloomingAppleOrchards,360Video,ERP,6144x3072,10s,29.97fps,QP27,10684k,8bit,H265
#VIDEO,STARTS,20200630,134042630,499307,G9BloomingAppleOrchards,360Video,ERP,6144x3072,10s,29.97fps,QP22,25602k,8bit,H265,,
#VIDEO,ENDS,20200630,134052647,509323,,,,,,,,,,,,
#RATING,STARTS,20200630,134052885,509562,,,,,,,,,,,,
#RATING,ENDS,20200630,134053997,510673,3,1.1118628,G9BloomingAppleOrchards,360Video,ERP,6144x3072,10s,29.97fps,QP22,25602k,8bit,H265
#VIDEO,STARTS,20200630,134053998,510674,G9BloomingAppleOrchards,360Video,ERP,3600x1800,10s,29.97fps,QP22,7695k,8bit,H265,,
#VIDEO,ENDS,20200630,134104027,520704,,,,,,,,,,,,
#RATING,STARTS,20200630,134104110,520786,,,,,,,,,,,,
#RATING,ENDS,20200630,134105158,521835,3,1.0462609,G9BloomingAppleOrchards,360Video,ERP,3600x1800,10s,29.97fps,QP22,7695k,8bit,H265
#VIDEO,STARTS,20200630,134105406,522083,G10PandaBaseChengdu,360Video,ERP,6144x3072,10s,29.97fps,QP27,8439k,8bit,H265,,
#VIDEO,ENDS,20200630,134115446,532123,,,,,,,,,,,,
#RATING,STARTS,20200630,134115693,532369,,,,,,,,,,,,
#RATING,ENDS,20200630,134117096,533772,4,1.40294,G10PandaBaseChengdu,360Video,ERP,6144x3072,10s,29.97fps,QP27,8439k,8bit,H265
#VIDEO,STARTS,20200630,134117098,533774,G10PandaBaseChengdu,360Video,ERP,2048x1024,10s,29.97fps,QP42,118k,8bit,H265,,
#VIDEO,ENDS,20200630,134127128,543805,,,,,,,,,,,,
#RATING,STARTS,20200630,134127154,543831,,,,,,,,,,,,
#RATING,ENDS,20200630,134128948,545625,1,1.7936104,G10PandaBaseChengdu,360Video,ERP,2048x1024,10s,29.97fps,QP42,118k,8bit,H265
#VIDEO,STARTS,20200630,134128949,545626,G10PandaBaseChengdu,360Video,ERP,4096x2048,10s,29.97fps,QP27,3988k,8bit,H265,,
#VIDEO,ENDS,20200630,134138969,555645,,,,,,,,,,,,
#RATING,STARTS,20200630,134139072,555749,,,,,,,,,,,,
#RATING,ENDS,20200630,134140754,557430,4,1.6812425,G10PandaBaseChengdu,360Video,ERP,4096x2048,10s,29.97fps,QP27,3988k,8bit,H265
#VIDEO,STARTS,20200630,134140757,557433,G9BloomingAppleOrchards,360Video,ERP,3600x1800,10s,29.97fps,QP27,3858k,8bit,H265,,
#VIDEO,ENDS,20200630,134150786,567463,,,,,,,,,,,,
#RATING,STARTS,20200630,134150894,567570,,,,,,,,,,,,
#RATING,ENDS,20200630,134151611,568287,4,0.7161333,G9BloomingAppleOrchards,360Video,ERP,3600x1800,10s,29.97fps,QP27,3858k,8bit,H265
#VIDEO,STARTS,20200630,134151612,568288,G10PandaBaseChengdu,360Video,ERP,3600x1800,10s,29.97fps,QP32,1289k,8bit,H265,,
#VIDEO,ENDS,20200630,134201622,578298,,,,,,,,,,,,
#RATING,STARTS,20200630,134201698,578375,,,,,,,,,,,,
#RATING,ENDS,20200630,134203072,579748,3,1.3722473,G10PandaBaseChengdu,360Video,ERP,3600x1800,10s,29.97fps,QP32,1289k,8bit,H265
#VIDEO,STARTS,20200630,134203073,579749,G10PandaBaseChengdu,360Video,ERP,3600x1800,10s,29.97fps,QP27,3192k,8bit,H265,,
#VIDEO,ENDS,20200630,134213106,589782,,,,,,,,,,,,
#RATING,STARTS,20200630,134213201,589878,,,,,,,,,,,,
#RATING,ENDS,20200630,134214968,591645,3,1.7655867,G10PandaBaseChengdu,360Video,ERP,3600x1800,10s,29.97fps,QP27,3192k,8bit,H265
#VIDEO,STARTS,20200630,134214969,591646,G10PandaBaseChengdu,360Video,ERP,2048x1024,10s,29.97fps,crf10,20296k,8bit,H265,,
#VIDEO,ENDS,20200630,134224978,601655,,,,,,,,,,,,
#RATING,STARTS,20200630,134225001,601677,,,,,,,,,,,,
#RATING,ENDS,20200630,134225960,602636,3,0.9579447,G10PandaBaseChengdu,360Video,ERP,2048x1024,10s,29.97fps,crf10,20296k,8bit,H265
#VIDEO,STARTS,20200630,134225961,602637,G10PandaBaseChengdu,360Video,ERP,2048x1024,10s,29.97fps,QP37,242k,8bit,H265,,
#VIDEO,ENDS,20200630,134235991,612667,,,,,,,,,,,,
#RATING,STARTS,20200630,134236015,612691,,,,,,,,,,,,
#RATING,ENDS,20200630,134237377,614054,2,1.360227,G10PandaBaseChengdu,360Video,ERP,2048x1024,10s,29.97fps,QP37,242k,8bit,H265
#VIDEO,STARTS,20200630,134237953,614629,G10PandaBaseChengdu,360Video,ERP,7680x3840,10s,29.97fps,QP27,12449k,8bit,H265,,
#VIDEO,ENDS,20200630,134247980,624656,,,,,,,,,,,,
#RATING,STARTS,20200630,134248340,625017,,,,,,,,,,,,
#RATING,ENDS,20200630,134249818,626495,5,1.478415,G10PandaBaseChengdu,360Video,ERP,7680x3840,10s,29.97fps,QP27,12449k,8bit,H265
#VIDEO,STARTS,20200630,134249819,626496,G9BloomingAppleOrchards,360Video,ERP,2048x1024,10s,29.97fps,QP32,739k,8bit,H265,,
#VIDEO,ENDS,20200630,134259838,636515,,,,,,,,,,,,
#RATING,STARTS,20200630,134259863,636540,,,,,,,,,,,,
#RATING,ENDS,20200630,134301357,638034,2,1.4925023,G9BloomingAppleOrchards,360Video,ERP,2048x1024,10s,29.97fps,QP32,739k,8bit,H265
#VIDEO,STARTS,20200630,134301358,638034,G9BloomingAppleOrchards,360Video,ERP,3600x1800,10s,29.97fps,QP32,2118k,8bit,H265,,
#VIDEO,ENDS,20200630,134311378,648055,,,,,,,,,,,,
#RATING,STARTS,20200630,134311473,648149,,,,,,,,,,,,
#RATING,ENDS,20200630,134312426,649103,4,0.9525149,G9BloomingAppleOrchards,360Video,ERP,3600x1800,10s,29.97fps,QP32,2118k,8bit,H265
#VIDEO,STARTS,20200630,134312596,649272,G10PandaBaseChengdu,360Video,ERP,6144x3072,10s,29.97fps,QP42,764k,8bit,H265,,
#VIDEO,ENDS,20200630,134322626,659302,,,,,,,,,,,,
#RATING,STARTS,20200630,134322855,659532,,,,,,,,,,,,
#RATING,ENDS,20200630,134324055,660732,3,1.1994182,G10PandaBaseChengdu,360Video,ERP,6144x3072,10s,29.97fps,QP42,764k,8bit,H265
#VIDEO,STARTS,20200630,134324056,660733,G9BloomingAppleOrchards,360Video,ERP,4096x2048,10s,29.97fps,QP22,10304k,8bit,H265,,
#VIDEO,ENDS,20200630,134334076,670752,,,,,,,,,,,,
#RATING,STARTS,20200630,134334181,670858,,,,,,,,,,,,
#RATING,ENDS,20200630,134336128,672805,5,1.9459197,G9BloomingAppleOrchards,360Video,ERP,4096x2048,10s,29.97fps,QP22,10304k,8bit,H265
#VIDEO,STARTS,20200630,134336129,672806,G9BloomingAppleOrchards,360Video,ERP,7680x3840,10s,29.97fps,QP37,3735k,8bit,H265,,
#VIDEO,ENDS,20200630,134346160,682837,,,,,,,,,,,,
#RATING,STARTS,20200630,134346517,683193,,,,,,,,,,,,
#RATING,ENDS,20200630,134347254,683931,4,0.7351332,G9BloomingAppleOrchards,360Video,ERP,7680x3840,10s,29.97fps,QP37,3735k,8bit,H265
#VIDEO,STARTS,20200630,134347255,683932,G9BloomingAppleOrchards,360Video,ERP,2048x1024,10s,29.97fps,QP22,2209k,8bit,H265,,
#VIDEO,ENDS,20200630,134357275,693951,,,,,,,,,,,,
#RATING,STARTS,20200630,134357305,693981,,,,,,,,,,,,
#RATING,ENDS,20200630,134358412,695089,3,1.10553,G9BloomingAppleOrchards,360Video,ERP,2048x1024,10s,29.97fps,QP22,2209k,8bit,H265
#VIDEO,STARTS,20200630,134358684,695361,G9BloomingAppleOrchards,360Video,ERP,4096x2048,10s,29.97fps,crf10,73361k,8bit,H265,,
#VIDEO,ENDS,20200630,134408712,705389,,,,,,,,,,,,
#RATING,STARTS,20200630,134408826,705502,,,,,,,,,,,,
#RATING,ENDS,20200630,134409850,706527,4,1.0228608,G9BloomingAppleOrchards,360Video,ERP,4096x2048,10s,29.97fps,crf10,73361k,8bit,H265
#VIDEO,STARTS,20200630,134409851,706528,G10PandaBaseChengdu,360Video,ERP,3600x1800,10s,29.97fps,QP42,335k,8bit,H265,,
#VIDEO,ENDS,20200630,134419860,716536,,,,,,,,,,,,
#RATING,STARTS,20200630,134419933,716610,,,,,,,,,,,,
#RATING,ENDS,20200630,134421277,717953,2,1.3432215,G10PandaBaseChengdu,360Video,ERP,3600x1800,10s,29.97fps,QP42,335k,8bit,H265
#VIDEO,STARTS,20200630,134421767,718444,G10PandaBaseChengdu,360Video,ERP,7680x3840,10s,29.97fps,QP32,4958k,8bit,H265,,
#VIDEO,ENDS,20200630,134431789,728465,,,,,,,,,,,,
#RATING,STARTS,20200630,134432143,728820,,,,,,,,,,,,
#RATING,ENDS,20200630,134433128,729805,5,0.9834787,G10PandaBaseChengdu,360Video,ERP,7680x3840,10s,29.97fps,QP32,4958k,8bit,H265
#VIDEO,STARTS,20200630,134433129,729806,G10PandaBaseChengdu,360Video,ERP,2048x1024,10s,29.97fps,QP32,478k,8bit,H265,,
#VIDEO,ENDS,20200630,134443161,739838,,,,,,,,,,,,
#RATING,STARTS,20200630,134443184,739861,,,,,,,,,,,,
#RATING,ENDS,20200630,134444264,740940,2,1.0795221,G10PandaBaseChengdu,360Video,ERP,2048x1024,10s,29.97fps,QP32,478k,8bit,H265
#VIDEO,STARTS,20200630,134444266,740942,G4Alcatraz,360Video,ERP,3600x1800,10s,29.97fps,QP22,29210k,8bit,H265,,
#VIDEO,ENDS,20200630,134454286,750963,,,,,,,,,,,,
#RATING,STARTS,20200630,134454373,751050,,,,,,,,,,,,
#RATING,ENDS,20200630,134455177,751854,5,0.8030869,G4Alcatraz,360Video,ERP,3600x1800,10s,29.97fps,QP22,29210k,8bit,H265
#VIDEO,STARTS,20200630,134455179,751856,G4Alcatraz,360Video,ERP,2048x1024,10s,29.97fps,QP32,3200k,8bit,H265,,
#VIDEO,ENDS,20200630,134505199,761876,,,,,,,,,,,,
#RATING,STARTS,20200630,134505223,761900,,,,,,,,,,,,
#RATING,ENDS,20200630,134506146,762823,2,0.921882,G4Alcatraz,360Video,ERP,2048x1024,10s,29.97fps,QP32,3200k,8bit,H265
#VIDEO,STARTS,20200630,134506147,762824,G4Alcatraz,360Video,ERP,2048x1024,10s,29.97fps,crf10,31544k,8bit,H265,,
#VIDEO,ENDS,20200630,134516158,772835,,,,,,,,,,,,
#RATING,STARTS,20200630,134516188,772865,,,,,,,,,,,,
#RATING,ENDS,20200630,134516833,773509,4,0.6455507,G4Alcatraz,360Video,ERP,2048x1024,10s,29.97fps,crf10,31544k,8bit,H265
#VIDEO,STARTS,20200630,134518592,775268,G2FormationPace,360Video,ERP,7680x3840,10s,29.97fps,crf10,120957k,8bit,H265,,
#VIDEO,ENDS,20200630,134528622,785299,,,,,,,,,,,,
#RATING,STARTS,20200630,134528974,785651,,,,,,,,,,,,
#RATING,ENDS,20200630,134529882,786558,4,0.9070619,G2FormationPace,360Video,ERP,7680x3840,10s,29.97fps,crf10,120957k,8bit,H265
#VIDEO,STARTS,20200630,134529883,786559,G2FormationPace,360Video,ERP,4096x2048,10s,29.97fps,QP27,6091k,8bit,H265,,
#VIDEO,ENDS,20200630,134539914,796590,,,,,,,,,,,,
#RATING,STARTS,20200630,134540038,796715,,,,,,,,,,,,
#RATING,ENDS,20200630,134541019,797696,3,0.9805378,G2FormationPace,360Video,ERP,4096x2048,10s,29.97fps,QP27,6091k,8bit,H265
#VIDEO,STARTS,20200630,134541020,797697,G4Alcatraz,360Video,ERP,2048x1024,10s,29.97fps,QP42,518k,8bit,H265,,
#VIDEO,ENDS,20200630,134551040,807717,,,,,,,,,,,,
#RATING,STARTS,20200630,134551069,807746,,,,,,,,,,,,
#RATING,ENDS,20200630,134552009,808686,2,0.9387595,G4Alcatraz,360Video,ERP,2048x1024,10s,29.97fps,QP42,518k,8bit,H265
#VIDEO,STARTS,20200630,134552011,808688,G4Alcatraz,360Video,ERP,2048x1024,10s,29.97fps,QP22,11608k,8bit,H265,,
#VIDEO,ENDS,20200630,134602028,818704,,,,,,,,,,,,
#RATING,STARTS,20200630,134602050,818726,,,,,,,,,,,,
#RATING,ENDS,20200630,134603124,819801,4,1.0736591,G4Alcatraz,360Video,ERP,2048x1024,10s,29.97fps,QP22,11608k,8bit,H265
#VIDEO,STARTS,20200630,134603631,820308,G4Alcatraz,360Video,ERP,6144x3072,10s,29.97fps,QP22,63626k,8bit,H265,,
#VIDEO,ENDS,20200630,134613648,830324,,,,,,,,,,,,
#RATING,STARTS,20200630,134613876,830552,,,,,,,,,,,,
#RATING,ENDS,20200630,134614718,831395,5,0.8412943,G4Alcatraz,360Video,ERP,6144x3072,10s,29.97fps,QP22,63626k,8bit,H265
#VIDEO,STARTS,20200630,134614719,831396,G4Alcatraz,360Video,ERP,4096x2048,10s,29.97fps,QP37,4943k,8bit,H265,,
#VIDEO,ENDS,20200630,134624752,841429,,,,,,,,,,,,
#RATING,STARTS,20200630,134624856,841532,,,,,,,,,,,,
#RATING,ENDS,20200630,134625944,842621,3,1.0872507,G4Alcatraz,360Video,ERP,4096x2048,10s,29.97fps,QP37,4943k,8bit,H265
#VIDEO,STARTS,20200630,134626066,842742,G2FormationPace,360Video,ERP,6144x3072,10s,29.97fps,QP27,10890k,8bit,H265,,
#VIDEO,ENDS,20200630,134636101,852778,,,,,,,,,,,,
#RATING,STARTS,20200630,134636336,853012,,,,,,,,,,,,
#RATING,ENDS,20200630,134637159,853836,4,0.8203175,G2FormationPace,360Video,ERP,6144x3072,10s,29.97fps,QP27,10890k,8bit,H265
#VIDEO,STARTS,20200630,134637160,853837,G2FormationPace,360Video,ERP,3600x1800,10s,29.97fps,QP27,5028k,8bit,H265,,
#VIDEO,ENDS,20200630,134647193,863869,,,,,,,,,,,,
#RATING,STARTS,20200630,134647267,863944,,,,,,,,,,,,
#RATING,ENDS,20200630,134647982,864658,3,0.7147158,G2FormationPace,360Video,ERP,3600x1800,10s,29.97fps,QP27,5028k,8bit,H265
#VIDEO,STARTS,20200630,134648557,865234,G4Alcatraz,360Video,ERP,6144x3072,10s,29.97fps,QP37,9157k,8bit,H265,,
#VIDEO,ENDS,20200630,134658589,875266,,,,,,,,,,,,
#RATING,STARTS,20200630,134658821,875498,,,,,,,,,,,,
#RATING,ENDS,20200630,134700135,876812,3,1.3133901,G4Alcatraz,360Video,ERP,6144x3072,10s,29.97fps,QP37,9157k,8bit,H265
#VIDEO,STARTS,20200630,134700136,876813,G2FormationPace,360Video,ERP,3600x1800,10s,29.97fps,QP37,1181k,8bit,H265,,
#VIDEO,ENDS,20200630,134710168,886845,,,,,,,,,,,,
#RATING,STARTS,20200630,134710248,886924,,,,,,,,,,,,
#RATING,ENDS,20200630,134711529,888206,2,1.279319,G2FormationPace,360Video,ERP,3600x1800,10s,29.97fps,QP37,1181k,8bit,H265
#VIDEO,STARTS,20200630,134711925,888601,G2FormationPace,360Video,ERP,6144x3072,10s,29.97fps,crf10,88060k,8bit,H265,,
#VIDEO,ENDS,20200630,134721942,898619,,,,,,,,,,,,
#RATING,STARTS,20200630,134722164,898841,,,,,,,,,,,,
#RATING,ENDS,20200630,134722782,899459,4,0.6173215,G2FormationPace,360Video,ERP,6144x3072,10s,29.97fps,crf10,88060k,8bit,H265
#VIDEO,STARTS,20200630,134723349,900026,G2FormationPace,360Video,ERP,6144x3072,10s,29.97fps,QP42,1228k,8bit,H265,,
#VIDEO,ENDS,20200630,134733382,910059,,,,,,,,,,,,
#RATING,STARTS,20200630,134733603,910279,,,,,,,,,,,,
#RATING,ENDS,20200630,134734627,911303,2,1.0238187,G2FormationPace,360Video,ERP,6144x3072,10s,29.97fps,QP42,1228k,8bit,H265
#VIDEO,STARTS,20200630,134734628,911304,G4Alcatraz,360Video,ERP,4096x2048,10s,29.97fps,QP42,2081k,8bit,H265,,
#VIDEO,ENDS,20200630,134744639,921316,,,,,,,,,,,,
#RATING,STARTS,20200630,134744743,921419,,,,,,,,,,,,
#RATING,ENDS,20200630,134745723,922400,2,0.9794413,G4Alcatraz,360Video,ERP,4096x2048,10s,29.97fps,QP42,2081k,8bit,H265
#VIDEO,STARTS,20200630,134745982,922659,G2FormationPace,360Video,ERP,6144x3072,10s,29.97fps,QP32,5506k,8bit,H265,,
#VIDEO,ENDS,20200630,134755988,932665,,,,,,,,,,,,
#RATING,STARTS,20200630,134756239,932915,,,,,,,,,,,,
#RATING,ENDS,20200630,134758263,934940,4,2.0223021,G2FormationPace,360Video,ERP,6144x3072,10s,29.97fps,QP32,5506k,8bit,H265
#VIDEO,STARTS,20200630,134758264,934941,G4Alcatraz,360Video,ERP,4096x2048,10s,29.97fps,QP22,35367k,8bit,H265,,
#VIDEO,ENDS,20200630,134808295,944972,,,,,,,,,,,,
#RATING,STARTS,20200630,134808409,945085,,,,,,,,,,,,
#RATING,ENDS,20200630,134809467,946144,3,1.0552228,G4Alcatraz,360Video,ERP,4096x2048,10s,29.97fps,QP22,35367k,8bit,H265
#VIDEO,STARTS,20200630,134811432,948109,G4Alcatraz,360Video,ERP,7680x3840,10s,29.97fps,crf10,226786k,8bit,H265,,
#VIDEO,ENDS,20200630,134821442,958119,,,,,,,,,,,,
#RATING,STARTS,20200630,134821792,958469,,,,,,,,,,,,
#RATING,ENDS,20200630,134822535,959212,4,0.7429395,G4Alcatraz,360Video,ERP,7680x3840,10s,29.97fps,crf10,226786k,8bit,H265
#VIDEO,STARTS,20200630,134822537,959214,G2FormationPace,360Video,ERP,3600x1800,10s,29.97fps,QP22,9834k,8bit,H265,,
#VIDEO,ENDS,20200630,134832556,969232,,,,,,,,,,,,
#RATING,STARTS,20200630,134832639,969315,,,,,,,,,,,,
#RATING,ENDS,20200630,134833716,970393,3,1.0757714,G2FormationPace,360Video,ERP,3600x1800,10s,29.97fps,QP22,9834k,8bit,H265
#VIDEO,STARTS,20200630,134835092,971768,G4Alcatraz,360Video,ERP,6144x3072,10s,29.97fps,crf10,184095k,8bit,H265,,
#VIDEO,ENDS,20200630,134845122,981798,,,,,,,,,,,,
#RATING,STARTS,20200630,134845351,982028,,,,,,,,,,,,
#RATING,ENDS,20200630,134846215,982891,4,0.862486,G4Alcatraz,360Video,ERP,6144x3072,10s,29.97fps,crf10,184095k,8bit,H265
#VIDEO,STARTS,20200630,134846362,983038,G2FormationPace,360Video,ERP,4096x2048,10s,29.97fps,crf10,48673k,8bit,H265,,
#VIDEO,ENDS,20200630,134856391,993068,,,,,,,,,,,,
#RATING,STARTS,20200630,134856502,993178,,,,,,,,,,,,
#RATING,ENDS,20200630,134857506,994182,4,1.0028774,G2FormationPace,360Video,ERP,4096x2048,10s,29.97fps,crf10,48673k,8bit,H265
#VIDEO,STARTS,20200630,134857507,994183,G2FormationPace,360Video,ERP,2048x1024,10s,29.97fps,QP22,3928k,8bit,H265,,
#VIDEO,ENDS,20200630,134907516,1004193,,,,,,,,,,,,
#RATING,STARTS,20200630,134907539,1004216,,,,,,,,,,,,
#RATING,ENDS,20200630,134908833,1005509,3,1.293454,G2FormationPace,360Video,ERP,2048x1024,10s,29.97fps,QP22,3928k,8bit,H265
#VIDEO,STARTS,20200630,134908835,1005511,G4Alcatraz,360Video,ERP,6144x3072,10s,29.97fps,QP32,17993k,8bit,H265,,
#VIDEO,ENDS,20200630,134918866,1015542,,,,,,,,,,,,
#RATING,STARTS,20200630,134919099,1015776,,,,,,,,,,,,
#RATING,ENDS,20200630,134920406,1017083,4,1.3062002,G4Alcatraz,360Video,ERP,6144x3072,10s,29.97fps,QP32,17993k,8bit,H265
#VIDEO,STARTS,20200630,134920407,1017084,G4Alcatraz,360Video,ERP,3600x1800,10s,29.97fps,QP42,1641k,8bit,H265,,
#VIDEO,ENDS,20200630,134930428,1027105,,,,,,,,,,,,
#RATING,STARTS,20200630,134930516,1027193,,,,,,,,,,,,
#RATING,ENDS,20200630,134931598,1028275,2,1.0811143,G4Alcatraz,360Video,ERP,3600x1800,10s,29.97fps,QP42,1641k,8bit,H265
#VIDEO,STARTS,20200630,134932024,1028700,G4Alcatraz,360Video,ERP,4096x2048,10s,29.97fps,crf10,100813k,8bit,H265,,
#VIDEO,ENDS,20200630,134942057,1038733,,,,,,,,,,,,
#RATING,STARTS,20200630,134942159,1038836,,,,,,,,,,,,
#RATING,ENDS,20200630,134942890,1039566,4,0.7300488,G4Alcatraz,360Video,ERP,4096x2048,10s,29.97fps,crf10,100813k,8bit,H265
#VIDEO,STARTS,20200630,134942892,1039568,G2FormationPace,360Video,ERP,2048x1024,10s,29.97fps,QP42,167k,8bit,H265,,
#VIDEO,ENDS,20200630,134952925,1049602,,,,,,,,,,,,
#RATING,STARTS,20200630,134952950,1049627,,,,,,,,,,,,
#RATING,ENDS,20200630,134954217,1050894,1,1.2657835,G2FormationPace,360Video,ERP,2048x1024,10s,29.97fps,QP42,167k,8bit,H265
#VIDEO,STARTS,20200630,134954218,1050895,G4Alcatraz,360Video,ERP,3600x1800,10s,29.97fps,QP37,4007k,8bit,H265,,
#VIDEO,ENDS,20200630,135004250,1060927,,,,,,,,,,,,
#RATING,STARTS,20200630,135004322,1060998,,,,,,,,,,,,
#RATING,ENDS,20200630,135005532,1062209,3,1.208513,G4Alcatraz,360Video,ERP,3600x1800,10s,29.97fps,QP37,4007k,8bit,H265
#VIDEO,STARTS,20200630,135005533,1062210,G2FormationPace,360Video,ERP,3600x1800,10s,29.97fps,QP32,2494k,8bit,H265,,
#VIDEO,ENDS,20200630,135015554,1072230,,,,,,,,,,,,
#RATING,STARTS,20200630,135015639,1072315,,,,,,,,,,,,
#RATING,ENDS,20200630,135016523,1073200,4,0.8838287,G2FormationPace,360Video,ERP,3600x1800,10s,29.97fps,QP32,2494k,8bit,H265
#VIDEO,STARTS,20200630,135016525,1073202,G2FormationPace,360Video,ERP,2048x1024,10s,29.97fps,QP37,412k,8bit,H265,,
#VIDEO,ENDS,20200630,135026556,1083233,,,,,,,,,,,,
#RATING,STARTS,20200630,135026580,1083256,,,,,,,,,,,,
#RATING,ENDS,20200630,135027671,1084348,2,1.0912887,G2FormationPace,360Video,ERP,2048x1024,10s,29.97fps,QP37,412k,8bit,H265
#VIDEO,STARTS,20200630,135027672,1084349,G4Alcatraz,360Video,ERP,4096x2048,10s,29.97fps,QP32,10134k,8bit,H265,,
#VIDEO,ENDS,20200630,135037707,1094384,,,,,,,,,,,,
#RATING,STARTS,20200630,135037801,1094478,,,,,,,,,,,,
#RATING,ENDS,20200630,135038845,1095521,4,1.043681,G4Alcatraz,360Video,ERP,4096x2048,10s,29.97fps,QP32,10134k,8bit,H265
#VIDEO,STARTS,20200630,135039201,1095877,G2FormationPace,360Video,ERP,6144x3072,10s,29.97fps,QP22,21564k,8bit,H265,,
#VIDEO,ENDS,20200630,135049219,1105896,,,,,,,,,,,,
#RATING,STARTS,20200630,135049451,1106127,,,,,,,,,,,,
#RATING,ENDS,20200630,135051016,1107693,4,1.5633637,G2FormationPace,360Video,ERP,6144x3072,10s,29.97fps,QP22,21564k,8bit,H265
#VIDEO,STARTS,20200630,135051244,1107921,G2FormationPace,360Video,ERP,7680x3840,10s,29.97fps,QP32,7561k,8bit,H265,,
#VIDEO,ENDS,20200630,135101271,1117948,,,,,,,,,,,,
#RATING,STARTS,20200630,135101627,1118304,,,,,,,,,,,,
#RATING,ENDS,20200630,135103023,1119700,3,1.3944573,G2FormationPace,360Video,ERP,7680x3840,10s,29.97fps,QP32,7561k,8bit,H265
#VIDEO,STARTS,20200630,135103026,1119703,G4Alcatraz,360Video,ERP,6144x3072,10s,29.97fps,QP42,4179k,8bit,H265,,
#VIDEO,ENDS,20200630,135113055,1129732,,,,,,,,,,,,
#RATING,STARTS,20200630,135113282,1129959,,,,,,,,,,,,
#RATING,ENDS,20200630,135114383,1131059,3,1.1016772,G4Alcatraz,360Video,ERP,6144x3072,10s,29.97fps,QP42,4179k,8bit,H265
#VIDEO,STARTS,20200630,135114384,1131060,G4Alcatraz,360Video,ERP,3600x1800,10s,29.97fps,QP27,16033k,8bit,H265,,
#VIDEO,ENDS,20200630,135124417,1141094,,,,,,,,,,,,
#RATING,STARTS,20200630,135124501,1141178,,,,,,,,,,,,
#RATING,ENDS,20200630,135125531,1142208,4,1.0299048,G4Alcatraz,360Video,ERP,3600x1800,10s,29.97fps,QP27,16033k,8bit,H265
#VIDEO,STARTS,20200630,135125532,1142209,G2FormationPace,360Video,ERP,3600x1800,10s,29.97fps,crf10,40026k,8bit,H265,,
#VIDEO,ENDS,20200630,135135552,1152229,,,,,,,,,,,,
#RATING,STARTS,20200630,135135632,1152309,,,,,,,,,,,,
#RATING,ENDS,20200630,135137840,1154517,4,2.2071078,G2FormationPace,360Video,ERP,3600x1800,10s,29.97fps,crf10,40026k,8bit,H265
#VIDEO,STARTS,20200630,135137841,1154518,G2FormationPace,360Video,ERP,6144x3072,10s,29.97fps,QP37,2741k,8bit,H265,,
#VIDEO,ENDS,20200630,135147862,1164538,,,,,,,,,,,,
#RATING,STARTS,20200630,135148080,1164757,,,,,,,,,,,,
#RATING,ENDS,20200630,135148831,1165508,3,0.7511315,G2FormationPace,360Video,ERP,6144x3072,10s,29.97fps,QP37,2741k,8bit,H265
#VIDEO,STARTS,20200630,135148833,1165510,G4Alcatraz,360Video,ERP,2048x1024,10s,29.97fps,QP37,1421k,8bit,H265,,
#VIDEO,ENDS,20200630,135158855,1175531,,,,,,,,,,,,
#RATING,STARTS,20200630,135158879,1175555,,,,,,,,,,,,
#RATING,ENDS,20200630,135159721,1176397,2,0.8408768,G4Alcatraz,360Video,ERP,2048x1024,10s,29.97fps,QP37,1421k,8bit,H265
#VIDEO,STARTS,20200630,135159722,1176398,G2FormationPace,360Video,ERP,2048x1024,10s,29.97fps,QP32,921k,8bit,H265,,
#VIDEO,ENDS,20200630,135209754,1186431,,,,,,,,,,,,
#RATING,STARTS,20200630,135209777,1186454,,,,,,,,,,,,
#RATING,ENDS,20200630,135210928,1187605,2,1.1481118,G2FormationPace,360Video,ERP,2048x1024,10s,29.97fps,QP32,921k,8bit,H265
#VIDEO,STARTS,20200630,135211676,1188353,G2FormationPace,360Video,ERP,7680x3840,10s,29.97fps,QP27,15079k,8bit,H265,,
#VIDEO,ENDS,20200630,135221695,1198371,,,,,,,,,,,,
#RATING,STARTS,20200630,135222048,1198724,,,,,,,,,,,,
#RATING,ENDS,20200630,135222956,1199632,4,0.9060958,G2FormationPace,360Video,ERP,7680x3840,10s,29.97fps,QP27,15079k,8bit,H265
#VIDEO,STARTS,20200630,135223695,1200372,G2FormationPace,360Video,ERP,7680x3840,10s,29.97fps,QP42,1754k,8bit,H265,,
#VIDEO,ENDS,20200630,135233726,1210403,,,,,,,,,,,,
#RATING,STARTS,20200630,135234103,1210780,,,,,,,,,,,,
#RATING,ENDS,20200630,135235063,1211740,2,0.9590705,G2FormationPace,360Video,ERP,7680x3840,10s,29.97fps,QP42,1754k,8bit,H265
#VIDEO,STARTS,20200630,135235065,1211742,G4Alcatraz,360Video,ERP,2048x1024,10s,29.97fps,QP27,6386k,8bit,H265,,
#VIDEO,ENDS,20200630,135245096,1221773,,,,,,,,,,,,
#RATING,STARTS,20200630,135245121,1221798,,,,,,,,,,,,
#RATING,ENDS,20200630,135246367,1223044,3,1.2452999,G4Alcatraz,360Video,ERP,2048x1024,10s,29.97fps,QP27,6386k,8bit,H265
#VIDEO,STARTS,20200630,135246414,1223091,G4Alcatraz,360Video,ERP,3600x1800,10s,29.97fps,crf10,82617k,8bit,H265,,
#VIDEO,ENDS,20200630,135256433,1233110,,,,,,,,,,,,
#RATING,STARTS,20200630,135256507,1233184,,,,,,,,,,,,
#RATING,ENDS,20200630,135257468,1234145,5,0.9598342,G4Alcatraz,360Video,ERP,3600x1800,10s,29.97fps,crf10,82617k,8bit,H265
#VIDEO,STARTS,20200630,135258199,1234875,G2FormationPace,360Video,ERP,7680x3840,10s,29.97fps,QP37,3798k,8bit,H265,,
#VIDEO,ENDS,20200630,135308229,1244905,,,,,,,,,,,,
#RATING,STARTS,20200630,135308589,1245265,,,,,,,,,,,,
#RATING,ENDS,20200630,135309523,1246200,3,0.9324658,G2FormationPace,360Video,ERP,7680x3840,10s,29.97fps,QP37,3798k,8bit,H265
#VIDEO,STARTS,20200630,135310386,1247063,G4Alcatraz,360Video,ERP,7680x3840,10s,29.97fps,QP42,5943k,8bit,H265,,
#VIDEO,ENDS,20200630,135320415,1257092,,,,,,,,,,,,
#RATING,STARTS,20200630,135320759,1257436,,,,,,,,,,,,
#RATING,ENDS,20200630,135321764,1258440,4,1.0045255,G4Alcatraz,360Video,ERP,7680x3840,10s,29.97fps,QP42,5943k,8bit,H265
#VIDEO,STARTS,20200630,135321765,1258441,G2FormationPace,360Video,ERP,4096x2048,10s,29.97fps,QP22,11921k,8bit,H265,,
#VIDEO,ENDS,20200630,135331800,1268476,,,,,,,,,,,,
#RATING,STARTS,20200630,135331904,1268581,,,,,,,,,,,,
#RATING,ENDS,20200630,135332990,1269667,4,1.0846147,G2FormationPace,360Video,ERP,4096x2048,10s,29.97fps,QP22,11921k,8bit,H265
#VIDEO,STARTS,20200630,135332991,1269668,G2FormationPace,360Video,ERP,2048x1024,10s,29.97fps,QP27,1950k,8bit,H265,,
#VIDEO,ENDS,20200630,135343025,1279702,,,,,,,,,,,,
#RATING,STARTS,20200630,135343052,1279729,,,,,,,,,,,,
#RATING,ENDS,20200630,135343959,1280636,3,0.906692,G2FormationPace,360Video,ERP,2048x1024,10s,29.97fps,QP27,1950k,8bit,H265
#VIDEO,STARTS,20200630,135343960,1280637,G2FormationPace,360Video,ERP,4096x2048,10s,29.97fps,QP37,1454k,8bit,H265,,
#VIDEO,ENDS,20200630,135353992,1290669,,,,,,,,,,,,
#RATING,STARTS,20200630,135354093,1290769,,,,,,,,,,,,
#RATING,ENDS,20200630,135354849,1291525,2,0.7549664,G2FormationPace,360Video,ERP,4096x2048,10s,29.97fps,QP37,1454k,8bit,H265
#VIDEO,STARTS,20200630,135355401,1292078,G4Alcatraz,360Video,ERP,6144x3072,10s,29.97fps,QP27,34200k,8bit,H265,,
#VIDEO,ENDS,20200630,135405419,1302096,,,,,,,,,,,,
#RATING,STARTS,20200630,135405646,1302323,,,,,,,,,,,,
#RATING,ENDS,20200630,135406511,1303188,4,0.8637498,G4Alcatraz,360Video,ERP,6144x3072,10s,29.97fps,QP27,34200k,8bit,H265
#VIDEO,STARTS,20200630,135407520,1304197,G4Alcatraz,360Video,ERP,7680x3840,10s,29.97fps,QP37,12663k,8bit,H265,,
#VIDEO,ENDS,20200630,135417538,1314215,,,,,,,,,,,,
#RATING,STARTS,20200630,135417904,1314581,,,,,,,,,,,,
#RATING,ENDS,20200630,135418809,1315486,4,0.9051304,G4Alcatraz,360Video,ERP,7680x3840,10s,29.97fps,QP37,12663k,8bit,H265
#VIDEO,STARTS,20200630,135418810,1315487,G4Alcatraz,360Video,ERP,4096x2048,10s,29.97fps,QP27,19339k,8bit,H265,,
#VIDEO,ENDS,20200630,135428820,1325496,,,,,,,,,,,,
#RATING,STARTS,20200630,135428923,1325600,,,,,,,,,,,,
#RATING,ENDS,20200630,135430381,1327057,3,1.4587422,G4Alcatraz,360Video,ERP,4096x2048,10s,29.97fps,QP27,19339k,8bit,H265
#VIDEO,STARTS,20200630,135430382,1327058,G4Alcatraz,360Video,ERP,3600x1800,10s,29.97fps,QP32,8356k,8bit,H265,,
#VIDEO,ENDS,20200630,135440413,1337090,,,,,,,,,,,,
#RATING,STARTS,20200630,135440499,1337176,,,,,,,,,,,,
#RATING,ENDS,20200630,135441316,1337993,3,0.8164644,G4Alcatraz,360Video,ERP,3600x1800,10s,29.97fps,QP32,8356k,8bit,H265
#VIDEO,STARTS,20200630,135442459,1339136,G4Alcatraz,360Video,ERP,7680x3840,10s,29.97fps,QP27,47302k,8bit,H265,,
#VIDEO,ENDS,20200630,135452475,1349152,,,,,,,,,,,,
#RATING,STARTS,20200630,135452836,1349513,,,,,,,,,,,,
#RATING,ENDS,20200630,135453454,1350131,4,0.6173836,G4Alcatraz,360Video,ERP,7680x3840,10s,29.97fps,QP27,47302k,8bit,H265
#VIDEO,STARTS,20200630,135453468,1350145,G2FormationPace,360Video,ERP,4096x2048,10s,29.97fps,QP42,616k,8bit,H265,,
#VIDEO,ENDS,20200630,135503491,1360167,,,,,,,,,,,,
#RATING,STARTS,20200630,135503593,1360270,,,,,,,,,,,,
#RATING,ENDS,20200630,135505075,1361752,2,1.4796176,G2FormationPace,360Video,ERP,4096x2048,10s,29.97fps,QP42,616k,8bit,H265
#VIDEO,STARTS,20200630,135505076,1361753,G2FormationPace,360Video,ERP,4096x2048,10s,29.97fps,QP32,3042k,8bit,H265,,
#VIDEO,ENDS,20200630,135515084,1371760,,,,,,,,,,,,
#RATING,STARTS,20200630,135515189,1371866,,,,,,,,,,,,
#RATING,ENDS,20200630,135515933,1372610,3,0.7440164,G2FormationPace,360Video,ERP,4096x2048,10s,29.97fps,QP32,3042k,8bit,H265
#VIDEO,STARTS,20200630,135517108,1373784,G4Alcatraz,360Video,ERP,7680x3840,10s,29.97fps,QP32,24887k,8bit,H265,,
#VIDEO,ENDS,20200630,135527126,1383803,,,,,,,,,,,,
#RATING,STARTS,20200630,135527494,1384171,,,,,,,,,,,,
#RATING,ENDS,20200630,135528428,1385105,5,0.9335234,G4Alcatraz,360Video,ERP,7680x3840,10s,29.97fps,QP32,24887k,8bit,H265
#VIDEO,STARTS,20200630,135529720,1386397,G4Alcatraz,360Video,ERP,7680x3840,10s,29.97fps,QP22,85273k,8bit,H265,,
#VIDEO,ENDS,20200630,135539727,1396404,,,,,,,,,,,,
#RATING,STARTS,20200630,135540084,1396761,,,,,,,,,,,,
#RATING,ENDS,20200630,135540668,1397344,4,0.5843894,G4Alcatraz,360Video,ERP,7680x3840,10s,29.97fps,QP22,85273k,8bit,H265
#VIDEO,STARTS,20200630,135542142,1398819,G2FormationPace,360Video,ERP,7680x3840,10s,29.97fps,QP22,30206k,8bit,H265,,
#VIDEO,ENDS,20200630,135552154,1408830,,,,,,,,,,,,
#RATING,STARTS,20200630,135552505,1409181,,,,,,,,,,,,
#RATING,ENDS,20200630,135553819,1410495,4,1.3117574,G2FormationPace,360Video,ERP,7680x3840,10s,29.97fps,QP22,30206k,8bit,H265
#VIDEO,STARTS,20200630,135553821,1410498,G2FormationPace,360Video,ERP,2048x1024,10s,29.97fps,crf10,15940k,8bit,H265,,
#VIDEO,ENDS,20200630,135603842,1420519,,,,,,,,,,,,
#RATING,STARTS,20200630,135603865,1420542,,,,,,,,,,,,
#RATING,ENDS,20200630,135604610,1421287,3,0.7435389,G2FormationPace,360Video,ERP,2048x1024,10s,29.97fps,crf10,15940k,8bit,H265
#VIDEO,STARTS,20200630,135604611,1421288,G2FormationPace,360Video,ERP,3600x1800,10s,29.97fps,QP42,498k,8bit,H265,,
#VIDEO,ENDS,20200630,135614642,1431318,,,,,,,,,,,,
#RATING,STARTS,20200630,135614726,1431402,,,,,,,,,,,,
#RATING,ENDS,20200630,135615858,1432535,2,1.1308668,G2FormationPace,360Video,ERP,3600x1800,10s,29.97fps,QP42,498k,8bit,H265
#EXPERIMENT,ENDS,20200630,135616071,1432748,1391.060328,,,,,,,,,,,